"ERR127306_chr14.bam"	"ERR127307_chr14.bam"	"ERR127308_chr14.bam"	"ERR127309_chr14.bam"	"ERR127302_chr14.bam"	"ERR127303_chr14.bam"	"ERR127304_chr14.bam"	"ERR127305_chr14.bam"
"uc001vuz.1"	0	0	0	0	0	0	0	0
"uc001vva.1"	0	0	0	0	0	0	0	0
"uc001vvb.3"	0	0	0	0	0	0	0	0
"uc001vvd.3"	0	0	0	0	0	0	0	0
"uc001vvf.2"	0	0	0	0	0	0	0	0
"uc001vvg.2"	0	0	0	0	0	0	0	0
"uc001vvh.3"	0	0	0	0	0	0	0	0
"uc001vvi.3"	0	0	0	0	0	0	0	0
"uc001vvk.1"	341	316	355	301	113	134	223	239
"uc001vvl.4"	19	19	23	29	46	90	56	29
"uc001vvn.3"	12	3	4	12	3	13	8	5
"uc001vvo.1"	20	38	28	33	16	23	37	33
"uc001vvq.1"	3	8	7	1	41	42	22	23
"uc001vvr.1"	0	0	0	0	0	0	0	0
"uc001vvs.1"	326	315	345	299	105	129	225	241
"uc001vvt.3"	20	38	28	33	16	24	36	32
"uc001vvu.3"	12	4	4	13	3	12	8	6
"uc001vvv.1"	0	0	0	0	0	0	0	0
"uc001vvw.2"	0	0	0	0	0	0	0	0
"uc001vvx.2"	0	0	0	0	0	0	0	0
"uc001vvz.2"	0	0	0	0	0	0	0	0
"uc001vwb.3"	0	0	0	0	0	0	0	0
"uc001vwc.3"	0	0	0	0	0	0	0	0
"uc001vwd.3"	0	0	0	0	0	0	0	0
"uc001vwh.1"	0	0	0	0	0	0	0	0
"uc001vwj.2"	0	0	0	0	0	0	0	0
"uc001vwn.1"	0	0	0	0	0	0	0	0
"uc001vwo.1"	0	0	0	0	0	0	0	0
"uc001vwt.3"	0	0	0	0	0	0	0	0
"uc001vwu.3"	0	0	0	0	0	0	0	0
"uc001vwv.4"	0	1	0	0	3	1	1	1
"uc001vwx.4"	1	0	0	0	2	2	1	3
"uc001vwy.4"	0	0	0	0	0	0	0	0
"uc001vwz.4"	0	0	0	0	0	0	0	0
"uc001vxa.1"	13	8	12	13	23	16	11	12
"uc001vxb.1"	1	0	0	0	1	0	0	0
"uc001vxc.3"	0	0	0	0	0	0	0	0
"uc001vxd.3"	0	0	0	0	0	0	0	0
"uc001vxe.3"	0	0	0	0	0	0	0	0
"uc001vxf.3"	334	350	357	331	332	330	547	636
"uc001vxg.3"	0	0	0	0	1	0	1	0
"uc001vxh.3"	0	0	0	0	0	0	0	0
"uc001vxi.3"	0	0	0	0	0	0	0	0
"uc001vxk.2"	0	0	1	0	0	0	0	1
"uc001vxl.2"	0	0	0	0	0	0	0	0
"uc001vxo.4"	0	0	0	0	0	0	0	0
"uc001vxp.2"	0	0	0	0	0	0	0	0
"uc001vxq.4"	0	0	0	0	0	0	0	0
"uc001vxs.3"	0	0	0	0	0	0	0	0
"uc001vxt.3"	0	0	0	0	0	0	0	0
"uc001vxu.1"	0	0	0	0	0	0	0	0
"uc001vxv.1"	0	0	0	0	0	0	0	0
"uc001vxw.4"	0	0	0	0	0	0	0	0
"uc001vxx.4"	0	0	0	0	0	0	0	0
"uc001vxy.4"	0	0	0	0	0	0	0	0
"uc001vxz.3"	0	0	0	0	0	0	0	0
"uc001vya.3"	0	0	0	0	0	0	0	0
"uc001vyc.3"	0	0	0	0	0	0	0	0
"uc001vyd.3"	0	0	0	0	0	0	0	0
"uc001vye.4"	0	0	0	0	0	0	0	0
"uc001vyf.3"	0	0	0	0	0	0	0	0
"uc001vyg.3"	0	0	0	0	0	0	0	0
"uc001vyh.3"	0	0	0	0	0	0	0	0
"uc001vyi.3"	0	0	0	0	0	0	0	0
"uc001vyj.3"	0	0	0	0	0	0	0	0
"uc001vyl.1"	0	0	0	0	0	0	0	0
"uc001vym.3"	0	0	0	0	0	0	0	0
"uc001vyn.3"	0	0	0	0	0	0	0	0
"uc001vyo.3"	0	0	0	0	0	0	0	0
"uc001vyr.3"	0	0	0	0	0	0	0	0
"uc001vys.4"	0	0	0	0	0	0	0	0
"uc001vyt.3"	0	0	0	0	0	0	0	0
"uc001vyu.3"	0	0	0	0	0	0	0	0
"uc001vyv.3"	0	0	0	0	0	0	0	0
"uc001vyw.3"	0	0	0	0	0	0	0	0
"uc001vyx.3"	0	0	0	0	0	0	0	0
"uc001vyy.3"	0	0	0	0	0	0	0	0
"uc001vyz.3"	0	0	0	0	0	0	0	0
"uc001vza.3"	0	0	0	0	0	0	0	0
"uc001vzb.3"	0	0	0	0	0	0	0	0
"uc001vzc.3"	0	0	0	0	0	0	0	0
"uc001vzd.3"	0	0	0	0	0	0	0	0
"uc001vze.3"	0	0	0	0	0	0	0	0
"uc001vzf.3"	0	0	0	0	0	0	0	0
"uc001vzg.3"	0	0	0	0	0	0	0	0
"uc001vzh.3"	0	0	0	0	0	0	0	0
"uc001vzj.3"	0	0	0	0	0	0	0	0
"uc001vzk.4"	1	0	0	0	0	0	0	0
"uc001vzl.2"	0	0	0	0	0	0	0	0
"uc001vzn.1"	0	0	0	0	0	0	0	0
"uc001vzo.1"	0	6	2	2	2	2	0	1
"uc001vzp.3"	0	0	0	0	0	0	0	0
"uc001vzr.2"	0	0	0	1	1	0	0	0
"uc001vzs.2"	0	0	0	0	0	1	0	0
"uc001vzu.2"	29	61	40	41	9	9	8	5
"uc001vzw.3"	0	0	0	0	0	0	0	0
"uc001vzx.3"	0	0	0	0	0	0	0	0
"uc001vzy.3"	0	0	0	0	0	0	0	0
"uc001vzz.3"	0	0	0	0	0	0	0	0
"uc001waa.3"	0	0	0	0	0	0	0	0
"uc001wac.3"	0	0	0	0	0	0	0	0
"uc001wad.3"	0	0	0	0	0	0	0	0
"uc001wae.3"	0	0	0	0	0	0	0	0
"uc001wag.3"	0	0	0	0	0	0	0	0
"uc001wah.3"	0	0	0	0	0	0	0	0
"uc001wai.3"	0	0	0	0	0	0	0	0
"uc001waj.1"	0	0	0	0	0	0	0	0
"uc001wak.3"	0	0	0	0	0	0	0	0
"uc001wal.3"	0	0	0	0	0	0	0	0
"uc001wam.3"	0	0	0	0	0	0	0	0
"uc001wao.2"	1337	1739	1556	1526	2525	2979	1808	1578
"uc001waq.2"	29	19	30	24	19	10	25	52
"uc001war.2"	246	313	307	280	226	195	245	253
"uc001was.2"	64	49	80	55	62	52	78	50
"uc001wat.1"	0	0	0	0	0	0	0	0
"uc001wau.1"	0	0	0	0	0	0	0	1
"uc001wav.1"	0	0	0	0	0	0	0	0
"uc001wax.3"	0	0	0	0	0	0	0	0
"uc001way.3"	0	1	0	0	1	3	3	1
"uc001waz.3"	0	0	0	0	0	0	0	0
"uc001wbb.3"	0	0	0	0	0	0	0	0
"uc001wbc.3"	0	0	0	0	0	0	0	0
"uc001wbe.3"	0	0	0	0	0	0	0	0
"uc001wbf.3"	0	0	0	0	0	0	0	0
"uc001wbg.1"	0	0	0	0	0	0	0	0
"uc001wbi.2"	0	0	0	0	0	0	0	0
"uc001wbk.3"	0	0	0	0	0	0	0	0
"uc001wbn.3"	0	0	0	0	0	0	0	0
"uc001wbp.2"	0	0	0	0	0	0	0	0
"uc001wbt.1"	0	0	0	0	0	0	0	0
"uc001wbv.3"	0	0	0	0	0	0	0	0
"uc001wbw.2"	0	0	0	0	0	0	0	0
"uc001wbx.2"	0	0	0	0	0	0	0	0
"uc001wbz.1"	0	0	0	0	0	0	0	0
"uc001wcb.2"	0	0	0	0	0	0	0	0
"uc001wcc.3"	0	0	0	0	0	0	0	0
"uc001wch.2"	0	0	0	0	0	0	0	0
"uc001wck.3"	0	0	0	0	0	0	0	0
"uc001wco.3"	0	0	0	0	0	0	0	0
"uc001wcp.2"	0	0	0	0	0	0	0	0
"uc001wcq.3"	0	0	0	0	0	0	0	0
"uc001wcr.1"	0	0	0	0	0	0	0	0
"uc001wcs.1"	0	0	0	0	0	0	0	0
"uc001wct.4"	0	0	0	0	0	0	0	0
"uc001wcu.4"	0	0	0	0	0	0	0	0
"uc001wcx.4"	0	0	0	0	0	0	0	0
"uc001wcy.3"	0	0	0	0	0	0	0	0
"uc001wcz.2"	0	0	0	0	0	0	0	0
"uc001wdb.2"	0	0	0	0	0	0	0	0
"uc001wdd.2"	0	0	0	0	0	0	0	0
"uc001wde.1"	0	0	0	0	0	0	0	0
"uc001wdg.1"	0	0	0	0	0	0	0	0
"uc001wdh.2"	0	0	0	0	0	0	0	0
"uc001wdi.2"	0	0	0	0	0	0	0	0
"uc001wdk.2"	0	0	0	0	0	0	0	0
"uc001wdn.3"	0	0	0	0	0	0	0	0
"uc001wdq.2"	0	0	0	0	0	0	0	0
"uc001wdr.2"	0	0	0	0	0	0	0	0
"uc001wds.1"	0	0	0	0	0	0	0	0
"uc001wdt.1"	0	0	0	0	0	1	0	1
"uc001wdu.2"	0	0	0	0	0	0	0	0
"uc001wdv.4"	0	0	0	0	0	0	0	0
"uc001wdw.2"	0	0	0	0	0	0	0	0
"uc001wdx.4"	0	0	0	0	0	0	0	0
"uc001wdz.4"	0	0	0	0	0	0	0	0
"uc001wea.4"	0	0	0	0	0	0	0	0
"uc001web.1"	0	0	0	0	0	0	0	0
"uc001wec.3"	0	0	0	0	0	0	0	0
"uc001wed.1"	0	0	0	0	0	0	0	0
"uc001wee.4"	0	0	0	0	0	0	0	0
"uc001weg.2"	0	0	0	0	0	0	0	0
"uc001weh.1"	0	0	0	0	0	0	0	0
"uc001wei.3"	0	0	0	0	0	0	0	0
"uc001wej.3"	0	0	0	0	0	0	0	0
"uc001wek.3"	0	0	0	0	0	0	0	0
"uc001wel.3"	0	0	0	0	0	0	0	0
"uc001wem.4"	0	0	0	0	0	0	0	0
"uc001wen.2"	0	0	0	0	0	0	0	0
"uc001weo.2"	0	0	0	0	0	0	0	0
"uc001wep.3"	0	0	0	0	0	0	0	0
"uc001weq.3"	0	0	0	0	0	0	0	0
"uc001wet.3"	0	0	0	0	0	0	0	0
"uc001weu.3"	0	0	0	0	0	0	0	0
"uc001wev.3"	0	0	0	0	0	0	0	0
"uc001wez.2"	0	0	0	0	0	0	0	0
"uc001wfa.2"	0	0	0	0	0	0	0	0
"uc001wfb.2"	0	0	0	0	0	0	0	0
"uc001wfd.1"	0	0	0	0	0	0	0	0
"uc001wfe.3"	0	0	0	0	0	0	0	0
"uc001wfg.2"	0	0	0	0	0	0	0	0
"uc001wfh.1"	0	0	0	0	0	0	0	0
"uc001wfi.2"	0	0	0	0	0	0	0	0
"uc001wfj.1"	0	0	0	0	0	0	0	0
"uc001wfk.3"	0	0	0	0	0	0	0	0
"uc001wfl.3"	0	0	0	0	0	0	0	0
"uc001wfn.3"	0	0	0	0	0	0	0	0
"uc001wfo.2"	0	0	0	0	0	0	0	0
"uc001wfp.3"	0	0	0	0	0	0	0	0
"uc001wfq.2"	0	0	0	0	0	0	0	0
"uc001wfr.1"	0	0	0	0	0	0	0	0
"uc001wfs.2"	0	0	0	0	0	0	0	0
"uc001wft.2"	0	0	0	0	0	0	0	0
"uc001wfu.3"	0	0	0	0	0	0	0	0
"uc001wfv.2"	0	0	0	0	0	0	0	0
"uc001wfw.1"	0	0	0	0	0	0	0	0
"uc001wfx.3"	0	0	0	0	0	0	0	0
"uc001wfy.2"	0	0	0	0	0	0	0	0
"uc001wfz.1"	0	0	0	0	0	0	0	0
"uc001wgb.3"	0	0	0	0	0	0	0	0
"uc001wgc.2"	0	0	0	0	0	0	0	0
"uc001wge.4"	0	0	0	0	0	0	0	0
"uc001wgh.3"	0	0	0	0	0	0	0	0
"uc001wgi.2"	0	0	0	0	0	0	0	0
"uc001wgj.1"	0	0	0	0	0	0	0	0
"uc001wgk.3"	0	0	0	0	0	0	0	0
"uc001wgl.2"	920	1077	1072	987	1219	1341	1126	908
"uc001wgm.3"	0	0	0	0	0	0	0	0
"uc001wgn.2"	0	0	0	0	0	0	0	0
"uc001wgp.2"	8	13	10	10	11	7	7	8
"uc001wgr.4"	0	0	0	0	0	0	0	0
"uc001wgs.4"	0	0	0	0	0	0	0	0
"uc001wgt.4"	0	0	2	0	0	0	0	0
"uc001wgu.4"	0	0	0	0	0	0	0	0
"uc001wgv.4"	0	0	0	0	0	0	0	0
"uc001wgw.4"	0	0	0	0	0	0	0	0
"uc001wgx.4"	0	0	0	0	0	0	0	0
"uc001wgy.4"	0	0	0	0	0	0	0	0
"uc001wgz.4"	0	0	0	0	0	0	0	0
"uc001wha.4"	2	3	1	3	1	6	3	4
"uc001whb.4"	0	0	0	0	0	0	0	0
"uc001whc.3"	7	4	3	3	6	6	8	4
"uc001whd.3"	1522	1592	1569	1414	824	639	388	458
"uc001whe.3"	163	198	182	160	249	283	171	143
"uc001whf.1"	1	4	1	2	1	2	4	1
"uc001whg.3"	0	0	0	0	0	0	0	0
"uc001whh.3"	0	0	0	0	0	0	0	0
"uc001whi.3"	0	0	0	0	0	0	0	0
"uc001whj.3"	0	0	0	0	0	0	0	0
"uc001whk.1"	8	13	6	6	7	9	11	9
"uc001whl.1"	0	0	0	0	0	0	0	0
"uc001whm.1"	0	0	0	0	0	0	0	0
"uc001whn.1"	0	0	0	0	0	0	0	0
"uc001who.3"	0	0	0	0	0	0	0	0
"uc001whq.3"	3	0	0	0	1	0	1	0
"uc001wht.3"	0	0	0	0	0	0	0	0
"uc001whu.3"	0	0	0	0	0	0	0	0
"uc001whv.3"	0	0	0	0	0	0	0	0
"uc001whw.3"	0	0	0	0	0	0	0	0
"uc001why.3"	3	2	4	0	1	1	3	3
"uc001whz.3"	114	97	136	107	44	23	83	109
"uc001wia.4"	0	0	0	0	0	0	0	0
"uc001wib.2"	2	0	2	0	0	2	2	1
"uc001wic.2"	0	0	0	0	0	0	0	0
"uc001wie.3"	0	0	0	0	0	0	0	0
"uc001wif.3"	0	0	0	0	0	0	0	0
"uc001wig.3"	0	0	0	0	0	0	0	0
"uc001wih.3"	0	0	0	0	0	0	0	0
"uc001wii.3"	0	0	0	0	0	0	0	0
"uc001wij.3"	1	3	5	1	3	5	3	0
"uc001wil.3"	4	6	17	10	7	5	17	11
"uc001win.3"	2	3	6	3	5	0	4	5
"uc001wio.4"	319	359	339	305	250	280	289	274
"uc001wip.4"	8	7	5	3	6	1	0	1
"uc001wiq.4"	0	0	0	0	0	0	0	0
"uc001wir.4"	0	0	0	0	0	0	0	0
"uc001wis.4"	0	0	0	0	0	0	0	0
"uc001wit.4"	0	0	0	0	0	0	0	0
"uc001wiu.3"	128	192	160	170	163	206	166	151
"uc001wiv.2"	0	0	1	3	0	0	0	0
"uc001wiw.3"	0	0	0	0	0	0	0	0
"uc001wix.4"	0	0	0	0	0	0	0	0
"uc001wiy.4"	0	1	0	0	0	0	0	1
"uc001wiz.4"	0	0	0	0	0	0	0	0
"uc001wja.2"	6	4	6	1	1	3	6	4
"uc001wjb.2"	0	0	1	0	0	0	0	0
"uc001wjc.2"	0	0	0	0	0	0	0	0
"uc001wjg.4"	0	0	0	0	0	0	0	0
"uc001wjh.4"	0	0	0	0	0	0	0	0
"uc001wji.4"	0	0	1	0	0	0	0	0
"uc001wjj.3"	30	40	41	34	52	49	56	30
"uc001wjk.3"	0	0	0	0	0	0	0	0
"uc001wjl.3"	0	0	0	0	0	0	0	0
"uc001wjm.3"	0	0	0	0	0	0	0	0
"uc001wjn.3"	0	0	0	0	0	0	0	0
"uc001wjo.4"	0	0	0	0	0	0	0	0
"uc001wjp.4"	0	0	0	0	0	0	0	0
"uc001wjq.3"	0	0	0	0	0	0	0	0
"uc001wjr.3"	0	0	0	0	0	0	0	0
"uc001wjs.3"	0	0	0	0	0	0	0	0
"uc001wjt.3"	0	0	0	0	0	0	0	0
"uc001wju.3"	0	0	0	0	0	0	0	0
"uc001wjv.3"	0	0	0	0	0	0	0	0
"uc001wjx.3"	0	0	0	0	0	0	0	0
"uc001wjy.3"	0	0	0	0	0	0	0	0
"uc001wjz.3"	1	1	0	0	2	3	0	0
"uc001wkb.5"	0	0	0	0	0	0	0	0
"uc001wke.3"	1	1	0	0	0	0	0	0
"uc001wkg.5"	0	0	0	0	0	0	0	0
"uc001wkh.5"	0	0	0	0	0	0	0	0
"uc001wkk.3"	0	0	0	0	0	0	0	0
"uc001wkl.2"	0	0	0	0	0	0	0	0
"uc001wkn.2"	0	0	0	0	0	0	0	0
"uc001wko.1"	24	35	35	38	34	28	27	24
"uc001wkp.1"	15	15	25	23	25	19	15	15
"uc001wkq.2"	0	0	0	0	0	0	0	0
"uc001wkr.2"	0	0	0	0	0	0	0	0
"uc001wks.2"	0	0	1	0	0	0	0	0
"uc001wkt.4"	0	0	0	0	0	0	0	0
"uc001wku.4"	0	0	0	0	0	0	0	0
"uc001wky.3"	0	0	0	0	0	0	0	0
"uc001wkz.3"	0	0	0	0	0	0	0	0
"uc001wla.3"	0	0	0	0	0	0	0	0
"uc001wlb.3"	0	0	0	0	0	0	0	0
"uc001wlc.4"	0	0	0	0	0	0	0	0
"uc001wld.4"	0	0	0	0	0	0	0	0
"uc001wle.4"	0	0	0	0	0	0	0	0
"uc001wlf.3"	0	0	0	0	0	0	0	0
"uc001wli.4"	0	0	0	0	0	0	0	0
"uc001wlj.2"	16	24	22	7	3	4	7	7
"uc001wlk.2"	0	0	0	1	0	0	0	0
"uc001wll.3"	0	0	0	0	0	0	0	0
"uc001wlm.3"	0	0	0	0	0	0	1	0
"uc001wlo.3"	0	0	0	0	0	0	0	0
"uc001wlp.3"	0	0	0	0	0	1	0	1
"uc001wlq.3"	0	0	0	0	0	0	0	0
"uc001wls.3"	3	6	2	2	2	3	2	3
"uc001wlt.3"	0	0	0	0	0	0	0	0
"uc001wlu.4"	0	0	0	0	0	0	0	0
"uc001wlv.3"	0	0	0	0	0	0	0	0
"uc001wlw.3"	0	0	0	0	0	0	0	0
"uc001wly.3"	0	0	0	0	0	0	0	0
"uc001wlz.3"	0	0	0	0	0	0	0	0
"uc001wma.4"	0	0	0	0	0	0	0	0
"uc001wmb.4"	0	0	0	0	0	0	0	0
"uc001wmc.3"	0	0	0	0	0	0	0	0
"uc001wmf.2"	6	7	5	2	12	8	8	9
"uc001wmg.3"	0	0	0	0	0	0	0	0
"uc001wmh.3"	1	0	1	0	2	1	1	1
"uc001wmi.3"	431	433	451	429	175	159	204	280
"uc001wmj.3"	79	95	65	88	98	110	101	98
"uc001wml.1"	2	6	7	8	0	0	1	2
"uc001wmm.1"	0	0	0	0	0	0	0	0
"uc001wmn.1"	0	0	0	0	0	0	0	0
"uc001wmo.1"	2	1	4	3	5	2	2	3
"uc001wmp.3"	0	0	0	0	0	0	0	0
"uc001wmq.3"	0	0	0	0	0	0	0	0
"uc001wmr.3"	0	0	0	0	0	0	0	0
"uc001wms.3"	0	0	0	0	0	0	0	0
"uc001wmt.1"	0	0	0	0	0	0	0	0
"uc001wmu.2"	0	0	0	0	0	0	0	0
"uc001wmv.1"	0	0	0	0	0	0	0	0
"uc001wmw.1"	0	0	0	0	0	1	0	0
"uc001wmx.1"	0	0	0	0	0	0	0	0
"uc001wmy.1"	0	0	0	0	0	0	0	0
"uc001wmz.2"	0	0	0	0	0	0	0	0
"uc001wnb.1"	0	0	0	0	0	0	0	0
"uc001wnc.3"	21	22	16	16	46	52	17	14
"uc001wne.3"	0	0	0	0	0	0	0	0
"uc001wnf.3"	1	2	5	8	6	2	5	1
"uc001wng.3"	0	0	0	0	0	0	0	0
"uc001wnh.3"	0	0	0	0	0	0	0	0
"uc001wni.3"	0	0	0	0	0	0	0	0
"uc001wnj.4"	0	0	0	0	0	0	0	0
"uc001wnk.2"	11	10	5	2	2	4	2	1
"uc001wnl.2"	0	0	0	0	0	0	0	0
"uc001wnm.2"	0	0	0	0	0	0	0	0
"uc001wnn.2"	0	0	0	0	0	0	0	0
"uc001wno.2"	1	3	0	0	1	0	2	0
"uc001wnp.2"	6	9	13	6	29	35	41	43
"uc001wnq.1"	3	4	1	2	4	2	1	0
"uc001wnr.3"	0	0	0	0	0	0	0	0
"uc001wns.3"	0	0	0	0	0	0	0	0
"uc001wnu.2"	1	2	4	6	8	7	1	1
"uc001wnv.3"	0	0	0	0	0	0	1	0
"uc001wnw.3"	0	0	0	0	0	0	0	0
"uc001wnx.3"	0	0	0	0	0	0	0	0
"uc001woa.4"	0	0	0	0	0	0	0	0
"uc001wob.4"	0	0	0	0	0	0	0	0
"uc001woc.4"	0	0	0	0	0	0	0	0
"uc001wod.3"	22	23	13	10	16	16	29	38
"uc001wof.4"	2	0	1	0	1	0	2	0
"uc001wog.4"	0	0	0	0	0	0	0	0
"uc001woj.2"	0	1	1	0	0	0	0	0
"uc001wok.3"	13	10	15	13	16	16	13	12
"uc001wol.1"	200	207	198	176	169	173	218	207
"uc001wom.1"	0	0	0	0	0	0	0	0
"uc001won.3"	8	13	20	6	10	2	13	8
"uc001woo.3"	0	0	0	0	0	0	0	0
"uc001wop.3"	5	4	5	3	5	12	12	11
"uc001wor.3"	0	0	0	0	0	0	0	0
"uc001wos.3"	0	0	0	0	0	0	0	0
"uc001wou.3"	0	0	0	0	0	0	0	0
"uc001wow.3"	0	0	0	0	0	0	0	0
"uc001wox.3"	0	0	0	0	0	0	0	0
"uc001woy.3"	0	0	0	0	0	0	0	0
"uc001woz.4"	0	0	0	0	0	0	0	0
"uc001wpa.3"	0	0	0	0	0	0	0	0
"uc001wpb.3"	0	0	0	0	0	0	0	0
"uc001wpc.3"	0	0	0	0	0	0	0	0
"uc001wpd.3"	0	0	0	0	0	0	0	0
"uc001wpf.4"	79	71	85	63	39	41	21	29
"uc001wpg.4"	37	37	40	36	11	14	21	25
"uc001wph.4"	1	1	1	0	1	0	0	0
"uc001wpi.3"	4	7	4	4	4	5	3	3
"uc001wpm.3"	7	4	7	2	5	2	3	3
"uc001wpo.1"	12	10	12	16	17	11	3	1
"uc001wpp.1"	0	0	0	0	0	0	0	0
"uc001wpq.3"	0	0	0	0	0	0	0	0
"uc001wpr.2"	0	0	0	0	0	0	0	0
"uc001wps.2"	0	0	0	0	0	0	0	0
"uc001wpt.3"	0	0	0	0	0	0	0	0
"uc001wpu.3"	0	0	0	0	0	0	0	0
"uc001wpv.3"	0	0	0	0	0	0	0	0
"uc001wpw.3"	0	0	0	0	0	0	0	0
"uc001wpx.1"	0	0	0	0	0	0	0	0
"uc001wpy.3"	0	0	0	0	0	0	0	0
"uc001wpz.3"	0	0	0	0	0	0	0	0
"uc001wqa.3"	0	0	0	0	0	0	0	0
"uc001wqb.3"	0	0	0	0	0	0	0	0
"uc001wqc.3"	0	0	0	0	0	0	0	0
"uc001wqe.4"	0	0	0	0	0	0	0	0
"uc001wqf.3"	0	0	0	0	0	0	0	0
"uc001wqg.1"	0	0	0	0	0	0	0	0
"uc001wqh.3"	0	0	0	0	0	0	0	0
"uc001wqi.3"	0	0	0	0	0	0	0	0
"uc001wqj.1"	0	0	0	0	0	0	0	0
"uc001wqk.2"	0	0	0	0	0	0	0	0
"uc001wql.1"	1	0	0	0	0	2	1	0
"uc001wqm.2"	0	0	0	0	0	0	0	0
"uc001wqn.2"	0	0	0	0	0	0	0	0
"uc001wqp.2"	0	0	0	0	0	0	0	0
"uc001wqq.4"	0	0	0	0	0	0	0	0
"uc001wqr.2"	0	0	0	0	0	0	0	0
"uc001wqs.3"	0	0	0	0	0	0	0	0
"uc001wqt.1"	0	0	0	0	0	0	0	0
"uc001wqu.2"	3	1	3	3	1	1	0	1
"uc001wqv.2"	0	0	0	0	0	0	0	0
"uc001wqw.4"	0	0	0	0	0	0	0	0
"uc001wqx.4"	0	0	0	0	0	0	0	0
"uc001wqy.4"	0	0	0	0	0	0	0	0
"uc001wra.1"	0	0	2	2	1	2	1	1
"uc001wrb.1"	0	0	0	0	0	0	0	0
"uc001wrc.1"	363	470	430	382	404	478	358	320
"uc001wrd.1"	0	0	0	0	0	0	0	0
"uc001wre.3"	15	14	17	13	10	7	7	5
"uc001wrf.4"	29	47	35	37	17	23	16	8
"uc001wrg.1"	0	0	0	0	0	0	0	0
"uc001wrh.3"	0	0	0	0	0	0	0	0
"uc001wri.3"	2	6	5	2	1	1	5	3
"uc001wrj.3"	32	69	45	62	37	49	69	48
"uc001wrk.4"	0	0	0	0	0	0	0	0
"uc001wrl.3"	0	1	0	0	0	0	0	0
"uc001wrm.3"	0	0	0	0	0	0	0	0
"uc001wrn.3"	0	0	0	0	0	0	0	0
"uc001wro.3"	0	0	0	0	0	0	0	0
"uc001wrp.3"	0	0	0	0	0	0	0	0
"uc001wrq.3"	34	43	42	43	27	24	17	13
"uc001wrr.3"	0	0	0	0	0	3	2	0
"uc001wrs.3"	0	0	0	0	0	0	0	0
"uc001wrt.3"	0	0	0	0	0	0	0	0
"uc001wru.3"	0	0	0	0	0	0	0	0
"uc001wrv.3"	0	0	0	0	0	0	0	0
"uc001wrw.3"	0	0	0	0	0	0	0	0
"uc001wry.3"	0	0	0	0	0	0	0	0
"uc001wsa.4"	54	41	55	52	25	21	32	19
"uc001wsc.3"	1229	1275	1331	1181	690	756	1054	1053
"uc001wsd.1"	161	202	164	160	184	230	257	215
"uc001wse.1"	0	0	0	0	0	0	0	0
"uc001wsf.1"	0	0	0	0	0	0	0	0
"uc001wsg.3"	2	0	2	1	2	1	2	0
"uc001wsh.3"	0	0	0	0	0	0	0	0
"uc001wsi.3"	0	0	0	0	0	0	0	0
"uc001wsj.3"	0	0	0	0	0	0	0	0
"uc001wsk.3"	0	0	0	0	0	0	1	0
"uc001wsl.3"	0	0	0	0	0	0	0	0
"uc001wsm.1"	2	0	0	1	0	0	0	0
"uc001wso.3"	0	0	0	0	0	0	0	0
"uc001wsp.3"	1	0	1	0	0	0	3	1
"uc001wsq.3"	1	4	3	1	0	0	0	1
"uc001wss.3"	0	0	0	0	0	0	0	0
"uc001wst.3"	0	0	0	0	0	0	0	0
"uc001wsu.3"	0	0	0	0	0	0	0	0
"uc001wsv.1"	4	3	0	1	3	1	1	0
"uc001wsw.3"	0	1	0	0	0	0	0	0
"uc001wsx.1"	0	0	0	0	0	0	0	0
"uc001wsy.2"	0	0	0	0	0	0	0	0
"uc001wsz.2"	0	0	0	0	0	0	0	0
"uc001wta.4"	1	1	1	1	1	0	1	1
"uc001wtc.2"	0	0	0	0	0	0	0	0
"uc001wtd.3"	0	0	0	0	0	0	0	0
"uc001wtf.4"	1016	1102	1165	1009	747	847	1000	981
"uc001wth.1"	0	0	0	0	1	4	0	1
"uc001wti.3"	0	0	0	0	0	0	0	0
"uc001wtj.3"	0	0	0	0	0	0	0	0
"uc001wtk.1"	1	0	0	0	0	0	0	1
"uc001wtl.3"	32	44	34	22	47	60	71	35
"uc001wtm.2"	0	0	0	0	0	0	0	0
"uc001wtn.2"	0	0	0	0	0	0	0	0
"uc001wto.2"	0	0	0	0	0	0	0	0
"uc001wtp.3"	0	0	0	0	0	0	0	0
"uc001wtq.3"	0	0	0	0	0	0	0	0
"uc001wtr.3"	0	0	0	0	0	0	0	0
"uc001wts.3"	0	0	0	0	0	0	0	0
"uc001wtt.3"	0	0	0	0	0	0	0	0
"uc001wtu.3"	0	0	0	0	0	0	0	0
"uc001wtv.3"	0	0	0	0	0	0	0	0
"uc001wtw.1"	0	0	0	0	1	0	0	0
"uc001wtx.3"	10	16	14	9	3	6	8	7
"uc001wty.4"	38	46	33	30	50	13	53	71
"uc001wtz.2"	2	0	4	2	3	11	4	7
"uc001wub.4"	0	0	0	1	1	0	0	2
"uc001wuc.3"	0	0	0	0	0	0	0	0
"uc001wud.3"	0	0	0	0	0	0	0	0
"uc001wue.3"	0	0	0	0	0	0	0	0
"uc001wuf.4"	0	1	5	2	0	1	2	0
"uc001wug.3"	6	5	8	5	1	3	3	7
"uc001wuh.3"	0	0	0	0	0	0	0	0
"uc001wui.3"	0	0	0	0	1	0	0	0
"uc001wuj.3"	0	0	0	0	0	0	0	0
"uc001wuk.2"	0	0	0	0	0	0	0	0
"uc001wul.1"	0	0	0	0	0	0	0	0
"uc001wum.2"	0	0	0	0	0	0	0	0
"uc001wun.3"	0	0	0	0	0	0	0	0
"uc001wuo.3"	0	0	0	0	0	0	0	0
"uc001wup.1"	0	0	0	0	0	0	0	0
"uc001wuq.3"	0	0	0	0	0	0	0	0
"uc001wur.3"	0	0	0	0	0	0	0	0
"uc001wus.3"	0	0	0	0	0	0	0	0
"uc001wut.1"	0	0	0	0	0	0	0	0
"uc001wuu.1"	0	0	0	0	0	0	0	0
"uc001wuv.1"	0	0	0	0	0	0	0	0
"uc001wuw.4"	1122	1356	1188	1177	1937	2144	1730	1413
"uc001wux.3"	0	0	1	0	0	0	0	0
"uc001wuy.4"	0	0	0	0	0	0	0	0
"uc001wuz.4"	0	0	0	0	0	0	0	0
"uc001wva.4"	0	0	0	0	0	0	0	0
"uc001wvb.4"	0	0	0	0	0	0	0	0
"uc001wvc.4"	0	0	0	0	0	0	0	0
"uc001wvd.3"	1	0	1	0	0	1	3	0
"uc001wve.1"	0	0	0	0	0	0	0	0
"uc001wvf.4"	0	0	0	0	0	0	0	0
"uc001wvg.4"	0	0	0	0	0	0	0	0
"uc001wvh.4"	0	0	0	0	0	0	0	0
"uc001wvi.4"	0	0	0	0	0	0	0	0
"uc001wvj.4"	0	0	0	0	0	0	0	0
"uc001wvk.3"	209	253	247	225	127	180	210	196
"uc001wvl.1"	0	0	0	0	0	0	0	0
"uc001wvm.3"	0	0	0	0	0	0	0	0
"uc001wvn.3"	0	0	0	0	0	0	0	0
"uc001wvo.3"	0	0	0	1	0	0	0	0
"uc001wvp.1"	0	0	0	0	1	0	0	0
"uc001wvq.4"	0	1	0	0	0	0	0	0
"uc001wvr.3"	0	1	0	0	3	1	1	2
"uc001wvs.1"	5	2	6	5	4	7	4	3
"uc001wvt.4"	0	1	0	1	0	0	0	0
"uc001wvu.3"	0	0	0	0	5	1	0	1
"uc001wvv.3"	0	0	0	0	0	0	0	0
"uc001wvw.3"	0	0	0	0	0	0	0	0
"uc001wvx.1"	0	0	0	0	0	0	0	0
"uc001wvy.4"	0	0	0	0	0	0	0	0
"uc001wvz.4"	0	0	0	0	0	0	0	0
"uc001wwa.1"	9	6	10	8	6	8	3	7
"uc001wwc.2"	0	0	0	0	0	0	0	0
"uc001wwd.4"	0	0	0	0	0	0	0	0
"uc001wwe.4"	0	0	0	0	0	0	0	0
"uc001wwf.3"	52	97	55	43	156	227	208	155
"uc001wwg.3"	0	0	0	0	0	0	0	0
"uc001wwh.4"	0	0	0	0	0	0	0	0
"uc001wwi.4"	0	0	0	0	0	0	0	0
"uc001wwj.4"	0	0	0	0	0	0	0	0
"uc001wwk.2"	1	2	1	1	0	3	1	2
"uc001wwl.4"	19	20	25	24	3	9	6	18
"uc001wwm.4"	0	0	0	0	0	0	0	1
"uc001wwn.3"	0	0	0	0	0	0	0	0
"uc001wwo.3"	0	0	0	0	0	0	0	0
"uc001wwp.3"	0	0	0	0	0	1	0	0
"uc001wwq.2"	1	1	2	2	3	0	3	3
"uc001wwr.3"	498	575	567	546	528	580	547	434
"uc001wws.4"	0	1	0	0	1	1	0	0
"uc001wwt.4"	0	0	0	0	0	0	0	0
"uc001wwu.3"	0	0	0	0	0	0	0	0
"uc001www.3"	0	0	0	0	0	0	0	0
"uc001wwx.3"	528	585	509	518	421	426	599	576
"uc001wwz.3"	0	0	2	0	1	1	1	0
"uc001wxa.3"	0	1	0	0	0	0	0	0
"uc001wxc.3"	0	0	0	0	0	0	0	0
"uc001wxd.1"	0	0	0	0	0	0	0	0
"uc001wxe.2"	0	0	0	0	0	0	0	0
"uc001wxg.4"	228	223	230	201	133	135	195	120
"uc001wxh.1"	0	0	0	0	0	0	0	0
"uc001wxi.1"	2	3	1	1	2	0	1	1
"uc001wxl.3"	1	0	1	2	0	0	0	1
"uc001wxn.1"	0	0	0	1	8	4	5	3
"uc001wxo.1"	0	0	0	0	0	0	0	0
"uc001wxp.1"	0	0	0	0	0	0	0	0
"uc001wxq.1"	0	0	0	0	0	0	0	0
"uc001wxs.4"	0	0	0	0	0	0	0	0
"uc001wxt.2"	5	0	3	0	0	6	3	1
"uc001wxu.3"	74	71	79	90	91	124	102	79
"uc001wxv.3"	3	1	3	2	0	0	2	0
"uc001wxw.2"	0	0	0	0	0	0	0	0
"uc001wxx.2"	0	0	0	0	0	0	0	0
"uc001wxz.3"	11	12	8	8	3	18	7	3
"uc001wya.3"	0	0	0	0	0	0	0	0
"uc001wyb.3"	0	0	0	0	0	0	0	0
"uc001wyc.1"	1	2	2	2	0	3	2	2
"uc001wyd.4"	3	4	0	3	2	1	1	0
"uc001wye.4"	0	0	0	0	0	0	0	0
"uc001wyf.4"	0	0	0	0	0	1	0	0
"uc001wyh.2"	104	129	95	119	78	114	240	162
"uc001wyi.3"	0	0	0	0	0	0	0	0
"uc001wyj.3"	0	0	0	0	0	0	0	0
"uc001wyk.3"	0	0	0	0	0	0	0	0
"uc001wym.2"	0	0	0	0	0	0	0	0
"uc001wyn.3"	0	0	0	0	0	0	0	0
"uc001wyo.3"	0	0	0	0	0	0	0	0
"uc001wyp.1"	0	0	0	0	0	0	0	0
"uc001wyq.3"	0	0	0	0	0	0	0	0
"uc001wyr.3"	0	0	0	0	0	0	0	0
"uc001wys.3"	0	0	0	0	0	0	0	0
"uc001wyu.3"	0	0	0	0	0	0	0	0
"uc001wyw.4"	6	4	8	12	10	14	10	10
"uc001wyx.4"	0	0	0	0	0	0	0	0
"uc001wyy.2"	0	0	0	0	0	0	0	0
"uc001wyz.4"	0	0	0	0	0	0	0	1
"uc001wza.4"	0	0	0	0	0	0	0	0
"uc001wzb.4"	0	0	0	0	0	0	0	0
"uc001wzc.3"	0	0	0	0	0	0	0	0
"uc001wzd.3"	0	0	0	0	0	0	0	0
"uc001wze.3"	0	0	0	0	0	0	0	0
"uc001wzf.3"	0	0	0	0	0	0	0	0
"uc001wzg.3"	0	0	0	0	0	0	0	0
"uc001wzh.3"	0	0	0	0	0	0	0	0
"uc001wzi.3"	0	0	0	0	0	0	0	0
"uc001wzj.3"	0	0	0	0	0	0	0	0
"uc001wzk.3"	0	0	0	0	0	0	0	0
"uc001wzo.3"	0	0	0	0	0	0	0	0
"uc001wzp.3"	0	0	0	0	0	0	0	0
"uc001wzq.3"	0	0	0	0	0	0	0	0
"uc001wzr.3"	0	0	0	0	0	0	0	0
"uc001wzs.3"	0	0	0	0	0	0	0	0
"uc001wzt.4"	0	0	0	0	0	0	1	0
"uc001wzu.4"	0	0	0	0	0	0	0	0
"uc001wzv.3"	644	715	702	688	941	1212	558	409
"uc001wzy.3"	10	10	10	8	7	16	2	6
"uc001xaa.3"	11	15	21	9	14	10	17	7
"uc001xab.3"	432	541	453	488	494	628	500	383
"uc001xac.3"	0	0	0	0	0	0	0	0
"uc001xad.3"	1	0	0	0	1	0	0	0
"uc001xae.3"	0	0	0	0	0	0	0	0
"uc001xaf.3"	0	0	0	0	0	0	0	0
"uc001xag.3"	0	0	0	0	0	1	0	0
"uc001xah.3"	0	0	0	0	0	0	0	0
"uc001xai.3"	0	0	0	1	0	1	0	0
"uc001xaj.3"	0	0	0	0	0	0	1	0
"uc001xak.1"	0	1	1	1	2	1	0	1
"uc001xal.4"	0	0	0	0	0	0	0	0
"uc001xan.4"	0	0	0	0	0	0	0	0
"uc001xao.4"	0	0	0	0	0	0	0	0
"uc001xap.3"	0	0	0	0	0	0	0	0
"uc001xar.3"	0	0	0	0	0	0	0	0
"uc001xat.1"	16	13	18	6	24	18	10	5
"uc001xav.1"	0	0	0	0	0	0	0	0
"uc001xay.3"	38	32	26	38	35	49	26	18
"uc001xba.3"	0	0	0	0	0	0	0	0
"uc001xbb.4"	5	7	8	6	9	4	5	9
"uc001xbc.3"	0	0	0	0	0	0	0	0
"uc001xbd.1"	0	1	0	0	0	0	0	0
"uc001xbe.3"	0	0	0	0	0	0	0	0
"uc001xbf.2"	1	0	1	0	0	0	0	1
"uc001xbg.2"	0	4	1	3	1	1	0	3
"uc001xbh.1"	0	0	0	0	0	0	0	0
"uc001xbi.1"	3	14	6	7	12	16	10	10
"uc001xbj.1"	0	0	0	0	0	0	0	0
"uc001xbk.1"	0	0	0	0	0	0	0	0
"uc001xbl.1"	0	0	0	0	0	0	0	2
"uc001xbm.2"	0	0	0	2	0	1	0	0
"uc001xbn.2"	0	0	0	0	0	0	0	0
"uc001xbo.3"	0	0	0	1	3	0	0	0
"uc001xbp.3"	0	0	0	0	0	0	0	0
"uc001xbq.1"	1222	1323	1355	1236	1011	1116	1207	1168
"uc001xbr.3"	53	41	47	49	76	85	63	36
"uc001xbs.3"	0	0	0	0	0	0	0	0
"uc001xbt.3"	0	1	0	2	1	1	2	0
"uc001xbu.3"	5	2	6	3	5	1	2	5
"uc001xbv.3"	0	2	1	1	2	0	0	2
"uc001xbw.2"	0	2	1	5	2	4	1	2
"uc001xbx.2"	8	15	14	13	11	2	10	6
"uc001xby.3"	0	0	0	0	0	0	0	0
"uc001xbz.2"	15	15	12	15	7	20	23	14
"uc001xca.3"	10	6	3	9	8	4	13	11
"uc001xcb.3"	0	0	0	0	0	0	0	0
"uc001xcc.3"	0	0	0	0	0	0	0	0
"uc001xcd.3"	0	0	0	0	0	0	0	0
"uc001xce.3"	0	0	0	0	0	0	0	0
"uc001xcf.2"	0	0	0	0	0	0	0	0
"uc001xcg.3"	1	1	0	0	4	3	1	0
"uc001xch.3"	2	2	1	1	0	2	2	1
"uc001xci.3"	0	0	0	0	0	0	0	0
"uc001xcj.3"	0	0	0	0	0	0	0	0
"uc001xck.3"	0	0	1	1	2	0	0	0
"uc001xcl.1"	0	0	0	0	0	0	0	0
"uc001xcm.3"	0	0	0	0	0	0	0	0
"uc001xcn.3"	0	0	0	0	0	0	0	0
"uc001xco.3"	0	0	0	0	0	0	0	0
"uc001xcp.4"	0	0	0	0	0	0	0	0
"uc001xcq.4"	0	0	0	0	0	0	0	0
"uc001xcr.3"	0	0	0	0	0	0	0	0
"uc001xcs.3"	0	0	1	0	0	0	0	0
"uc001xct.3"	0	0	0	0	0	0	0	0
"uc001xcu.4"	8	16	12	10	14	12	11	17
"uc001xcv.3"	0	0	0	0	0	0	0	0
"uc001xcx.4"	58	29	52	37	22	15	28	34
"uc001xcy.2"	0	0	0	0	0	0	0	0
"uc001xcz.2"	0	0	0	0	0	0	0	0
"uc001xdc.3"	0	0	0	0	0	0	0	0
"uc001xdd.3"	0	0	0	0	0	0	0	0
"uc001xde.3"	0	0	0	0	0	0	0	0
"uc001xdf.3"	71	95	51	64	72	81	61	60
"uc001xdj.2"	0	0	0	0	0	0	0	0
"uc001xdk.2"	0	0	0	0	0	0	0	0
"uc001xdl.3"	0	0	0	0	0	0	0	0
"uc001xdn.2"	23	15	27	19	20	23	28	20
"uc001xdo.3"	0	0	0	0	0	0	0	0
"uc001xdp.3"	0	0	1	0	3	0	0	1
"uc001xdq.3"	0	0	0	0	0	0	0	0
"uc001xdr.1"	0	0	0	0	0	0	0	0
"uc001xds.3"	1	0	0	0	0	0	0	1
"uc001xdt.4"	0	0	0	0	0	0	0	0
"uc001xdu.4"	0	0	0	0	0	0	0	0
"uc001xdv.4"	1	2	2	3	2	5	4	3
"uc001xdw.3"	0	0	0	0	0	0	0	0
"uc001xdx.3"	0	0	0	0	0	0	0	0
"uc001xdy.4"	0	0	0	0	0	0	1	0
"uc001xea.2"	0	0	0	0	0	0	0	0
"uc001xeb.1"	0	0	0	0	0	0	0	0
"uc001xec.2"	0	0	0	0	0	0	0	0
"uc001xed.2"	3	10	10	10	6	5	8	16
"uc001xee.1"	22	27	27	32	31	38	35	43
"uc001xef.4"	0	0	0	0	0	0	0	0
"uc001xeg.4"	0	0	0	0	0	0	0	0
"uc001xeh.4"	0	0	0	0	0	0	0	0
"uc001xei.4"	7	1	2	7	6	9	6	4
"uc001xej.4"	0	0	0	0	0	1	0	0
"uc001xek.2"	0	0	0	0	0	0	0	0
"uc001xem.1"	0	0	0	0	0	0	0	0
"uc001xen.1"	0	0	0	0	0	0	0	0
"uc001xeo.3"	0	0	0	0	0	0	0	0
"uc001xep.1"	0	0	0	0	0	0	0	0
"uc001xeq.2"	0	0	0	0	0	0	0	0
"uc001xer.4"	0	0	0	0	0	0	0	0
"uc001xes.3"	149	119	133	111	89	53	70	71
"uc001xet.3"	0	0	0	0	0	0	0	0
"uc001xev.1"	0	0	1	0	0	0	0	1
"uc001xew.4"	0	0	0	0	0	0	0	0
"uc001xex.4"	12	8	9	11	16	19	23	10
"uc001xey.4"	0	0	0	0	0	0	0	0
"uc001xez.4"	0	0	0	0	0	0	0	0
"uc001xfa.4"	0	0	0	0	0	0	0	0
"uc001xfb.4"	74	65	90	66	60	51	65	63
"uc001xfc.3"	126	180	135	162	165	208	346	254
"uc001xfd.3"	3	0	0	1	0	2	0	0
"uc001xfe.3"	0	0	0	0	0	0	0	0
"uc001xff.4"	110	147	132	128	204	280	269	175
"uc001xfg.2"	0	0	0	0	0	0	0	0
"uc001xfh.2"	0	0	0	0	0	0	0	0
"uc001xfi.3"	0	0	0	0	0	0	0	0
"uc001xfj.1"	0	0	0	0	0	0	2	0
"uc001xfk.3"	0	0	0	0	0	0	0	0
"uc001xfl.3"	0	0	0	0	0	0	0	0
"uc001xfm.3"	0	0	0	0	0	0	0	0
"uc001xfn.3"	0	0	0	0	0	0	0	0
"uc001xfo.3"	0	1	0	0	1	0	0	0
"uc001xfq.2"	0	0	0	0	0	0	0	0
"uc001xfr.2"	0	0	0	0	0	0	0	0
"uc001xfs.2"	0	0	0	0	0	0	0	0
"uc001xft.3"	48	68	55	62	95	106	70	35
"uc001xfu.1"	0	0	0	0	0	0	0	0
"uc001xfx.3"	0	0	0	0	0	0	0	0
"uc001xfy.3"	0	0	0	0	0	0	0	0
"uc001xfz.1"	0	0	0	0	0	0	0	0
"uc001xga.3"	0	0	0	0	0	0	0	0
"uc001xgb.2"	0	0	0	0	0	0	0	0
"uc001xgd.1"	0	0	0	0	0	0	0	0
"uc001xge.2"	0	0	0	0	0	0	0	0
"uc001xgf.1"	0	0	0	0	0	0	0	0
"uc001xgg.4"	2	0	0	0	0	3	0	1
"uc001xgh.4"	0	0	0	0	0	0	0	0
"uc001xgi.4"	0	0	0	0	0	0	0	0
"uc001xgj.3"	1265	1469	1481	1316	1335	1534	207	194
"uc001xgk.3"	0	0	0	0	0	0	0	0
"uc001xgl.3"	0	0	0	0	0	0	0	0
"uc001xgm.3"	0	0	0	0	0	0	0	0
"uc001xgn.3"	0	0	0	0	0	0	0	0
"uc001xgo.3"	0	0	1	0	0	0	0	0
"uc001xgp.3"	0	0	0	1	0	0	0	0
"uc001xgq.3"	0	0	0	0	0	0	0	0
"uc001xgr.3"	1	1	2	1	0	1	0	0
"uc001xgs.3"	0	0	0	0	0	0	0	0
"uc001xgt.3"	19	8	22	11	14	13	15	20
"uc001xgu.3"	0	0	0	0	0	0	0	0
"uc001xgv.3"	0	0	0	0	0	0	0	0
"uc001xgw.3"	0	0	0	0	0	0	0	0
"uc001xgx.3"	0	0	0	0	0	0	2	3
"uc001xgy.2"	0	0	0	0	0	0	0	0
"uc001xgz.2"	0	0	0	0	0	1	1	0
"uc001xha.1"	0	0	0	0	0	0	0	0
"uc001xhb.3"	4	1	0	0	0	3	1	0
"uc001xhc.3"	0	0	1	0	7	4	2	2
"uc001xhd.4"	4	6	6	4	13	18	13	7
"uc001xhf.3"	0	0	3	2	1	0	0	0
"uc001xhg.3"	12	14	15	19	14	14	10	11
"uc001xhh.4"	6	7	10	7	4	7	1	1
"uc001xhi.2"	2	4	3	1	0	3	2	1
"uc001xhj.3"	0	0	0	0	0	0	0	0
"uc001xhk.4"	6	1	2	2	1	0	0	0
"uc001xhl.1"	0	0	0	0	0	0	0	0
"uc001xhm.1"	0	0	0	0	0	0	0	0
"uc001xhn.1"	0	0	0	0	0	0	0	0
"uc001xho.1"	0	0	0	0	0	0	0	0
"uc001xhp.2"	14	10	3	4	4	0	6	7
"uc001xhq.1"	0	0	0	0	0	0	0	0
"uc001xhr.3"	0	0	0	0	0	0	0	0
"uc001xhs.3"	0	0	0	0	0	0	0	0
"uc001xht.3"	0	0	0	0	0	0	0	0
"uc001xhu.3"	0	0	0	0	0	0	0	0
"uc001xhv.3"	0	0	0	0	0	0	0	0
"uc001xhw.2"	0	0	0	0	0	0	0	0
"uc001xhy.2"	0	0	0	0	0	0	0	0
"uc001xhz.2"	0	0	0	0	0	0	0	0
"uc001xia.3"	22	19	16	7	8	18	29	33
"uc001xib.3"	4	6	5	3	9	5	19	16
"uc001xic.2"	0	0	0	0	0	0	0	0
"uc001xid.3"	0	1	0	1	0	3	1	1
"uc001xie.2"	0	0	0	0	0	0	0	0
"uc001xif.2"	0	0	0	0	0	0	0	0
"uc001xig.2"	0	0	0	0	0	0	0	0
"uc001xih.2"	0	0	0	0	0	0	0	0
"uc001xii.2"	0	0	0	0	0	0	0	0
"uc001xij.2"	11	5	10	10	7	9	19	14
"uc001xik.4"	0	0	0	0	0	0	0	0
"uc001xil.3"	0	0	0	0	0	0	0	0
"uc001xim.4"	1	1	1	0	0	0	0	0
"uc001xin.3"	0	0	0	0	0	0	0	0
"uc001xio.3"	0	0	0	0	0	0	0	0
"uc001xip.3"	0	0	0	0	0	0	0	0
"uc001xiq.3"	0	0	0	0	0	0	0	0
"uc001xir.4"	0	0	0	0	0	0	0	0
"uc001xiu.3"	0	0	0	0	0	0	0	0
"uc001xiv.3"	0	0	0	0	0	0	0	0
"uc001xiw.3"	0	0	0	0	0	0	0	0
"uc001xix.3"	0	0	0	0	0	0	0	0
"uc001xiy.3"	0	0	0	0	0	0	0	0
"uc001xiz.3"	0	0	0	0	0	0	0	0
"uc001xja.2"	0	0	0	0	0	0	0	0
"uc001xjb.2"	0	0	0	0	0	0	0	0
"uc001xjc.4"	0	0	0	0	0	0	0	0
"uc001xjd.4"	0	0	0	0	0	0	0	0
"uc001xjf.3"	228	292	282	291	263	370	313	278
"uc001xjg.3"	718	872	715	779	1061	1299	1450	1110
"uc001xjh.1"	56	63	55	45	29	30	43	38
"uc001xji.1"	0	0	0	0	0	0	0	0
"uc001xjj.1"	0	0	0	0	0	0	0	0
"uc001xjk.3"	1	1	0	1	1	2	1	0
"uc001xjl.1"	36	23	33	23	40	39	51	27
"uc001xjm.1"	1	1	2	0	0	0	0	0
"uc001xjn.1"	0	0	0	0	0	0	0	0
"uc001xjo.1"	0	0	0	0	1	0	1	0
"uc001xjp.1"	0	0	0	0	0	0	0	0
"uc001xjr.1"	90	113	80	88	95	105	94	73
"uc001xjs.3"	157	216	206	178	127	148	222	232
"uc001xjt.3"	0	0	0	0	0	0	0	0
"uc001xju.3"	0	0	0	0	0	0	0	0
"uc001xjv.4"	0	0	0	0	0	0	0	0
"uc001xjw.4"	0	0	0	0	0	0	0	0
"uc001xjx.4"	0	0	0	0	0	0	0	0
"uc001xjy.2"	0	0	0	0	0	0	0	0
"uc001xjz.4"	2	3	1	1	2	2	1	2
"uc001xka.2"	0	0	0	0	0	0	0	0
"uc001xkb.3"	3	2	1	6	2	4	3	1
"uc001xkc.4"	5	6	5	8	2	4	9	11
"uc001xkd.3"	0	0	0	0	0	0	0	0
"uc001xke.3"	13	10	6	4	2	7	11	5
"uc001xkf.2"	10	8	10	13	2	3	3	11
"uc001xkg.2"	0	0	0	0	0	0	0	0
"uc001xkh.2"	0	0	0	0	0	0	0	0
"uc001xki.2"	0	0	0	0	0	0	0	0
"uc001xkk.3"	3	6	10	6	12	8	15	10
"uc001xkl.3"	0	0	0	0	0	0	0	0
"uc001xkm.3"	0	0	0	0	0	0	0	0
"uc001xkn.3"	0	0	0	0	0	0	0	0
"uc001xko.1"	0	0	0	1	0	0	0	0
"uc001xkp.3"	0	0	0	0	0	0	0	0
"uc001xkq.3"	0	0	0	0	0	0	0	0
"uc001xkr.4"	1	3	3	1	4	6	2	3
"uc001xks.2"	2	7	10	7	7	9	6	6
"uc001xkt.3"	0	0	0	0	0	0	0	0
"uc001xku.3"	0	0	0	0	0	0	0	0
"uc001xkv.3"	0	0	0	0	0	0	0	0
"uc001xkw.3"	0	0	0	0	0	0	0	0
"uc001xkx.3"	0	0	0	0	0	0	0	0
"uc001xky.3"	0	0	0	0	0	0	0	0
"uc001xla.2"	0	2	1	0	0	0	0	0
"uc001xlb.2"	0	0	0	0	0	0	0	0
"uc001xlc.2"	783	922	889	845	827	942	1217	1188
"uc001xld.4"	1	3	0	2	2	4	2	0
"uc001xle.3"	0	0	0	0	0	0	0	0
"uc001xlf.4"	0	0	0	0	0	0	0	0
"uc001xlg.4"	0	0	0	0	0	0	0	0
"uc001xli.2"	0	1	0	0	0	0	0	0
"uc001xlk.3"	0	0	0	0	0	0	0	0
"uc001xll.3"	0	0	0	0	0	0	0	1
"uc001xln.1"	82	82	97	83	120	105	98	58
"uc001xlo.3"	0	0	0	0	0	0	0	0
"uc001xlp.3"	0	0	0	0	0	0	0	0
"uc001xlr.2"	0	1	0	1	2	3	0	1
"uc001xls.2"	0	0	0	0	0	0	0	0
"uc001xlt.2"	0	0	0	0	0	0	0	0
"uc001xlu.3"	0	0	0	0	0	0	0	0
"uc001xlv.3"	0	0	0	0	0	0	0	0
"uc001xlw.3"	0	0	0	0	0	0	0	0
"uc001xlx.3"	0	0	0	0	0	0	0	0
"uc001xly.3"	0	0	0	0	0	0	0	0
"uc001xlz.3"	0	0	0	0	0	0	0	0
"uc001xma.2"	0	1	0	1	0	1	1	0
"uc001xmb.3"	0	0	0	0	0	0	0	0
"uc001xmc.4"	217	309	259	236	275	336	155	99
"uc001xmd.3"	7	3	9	6	5	11	4	5
"uc001xme.3"	0	0	0	0	0	0	0	0
"uc001xmf.3"	0	0	0	0	0	0	0	0
"uc001xmg.1"	0	0	0	0	0	0	0	0
"uc001xmh.1"	0	0	0	0	0	0	0	0
"uc001xmi.2"	2	3	3	1	1	3	3	4
"uc001xmk.3"	3	0	6	2	3	2	2	4
"uc001xml.3"	0	0	0	0	0	0	0	0
"uc001xmm.3"	0	0	0	0	0	0	0	0
"uc001xmn.4"	0	0	0	0	0	0	0	0
"uc001xmo.2"	0	0	0	1	1	1	0	0
"uc001xmp.2"	0	0	0	0	0	0	0	0
"uc001xmq.3"	0	0	0	0	0	0	0	0
"uc001xmr.1"	13	7	12	6	10	7	6	6
"uc001xms.3"	0	0	0	0	0	0	0	0
"uc001xmt.3"	0	0	0	0	0	0	0	0
"uc001xmu.3"	0	1	1	0	0	1	0	0
"uc001xmv.3"	0	0	0	0	0	0	0	0
"uc001xmx.4"	0	0	0	0	0	0	0	0
"uc001xmy.4"	0	0	0	0	0	0	0	0
"uc001xna.4"	0	0	0	0	0	0	0	0
"uc001xnc.2"	0	0	0	0	0	0	0	0
"uc001xnd.1"	0	0	0	0	0	0	0	0
"uc001xnf.2"	0	0	0	0	0	0	0	0
"uc001xng.3"	0	0	0	0	0	0	0	0
"uc001xnh.3"	0	0	0	0	0	0	0	0
"uc001xni.3"	0	0	0	0	0	0	0	0
"uc001xnj.3"	0	0	0	0	0	0	0	0
"uc001xnk.3"	2	3	3	3	4	1	3	3
"uc001xnl.3"	0	0	0	0	0	0	0	0
"uc001xnm.3"	0	0	0	0	0	0	0	0
"uc001xnn.4"	6	11	12	12	13	21	13	7
"uc001xno.3"	0	0	0	0	0	0	0	0
"uc001xnp.3"	0	0	0	0	0	0	1	0
"uc001xnq.4"	0	0	0	0	0	0	0	0
"uc001xnr.3"	0	0	0	0	0	0	0	0
"uc001xnt.1"	0	0	0	0	0	0	0	0
"uc001xnu.3"	0	0	0	0	0	0	0	0
"uc001xnv.3"	0	0	0	0	0	0	0	0
"uc001xnw.4"	0	0	0	0	0	0	0	0
"uc001xnx.3"	3	1	5	1	0	0	1	2
"uc001xny.1"	0	0	0	0	0	0	0	0
"uc001xnz.1"	0	0	0	0	0	0	0	0
"uc001xoa.1"	0	0	0	0	0	0	0	0
"uc001xob.1"	0	0	0	0	0	0	0	0
"uc001xoc.1"	0	0	0	0	0	0	0	0
"uc001xod.1"	1	0	0	0	1	1	0	0
"uc001xoe.3"	5	7	8	4	6	7	3	8
"uc001xof.1"	0	0	0	0	0	0	0	0
"uc001xog.3"	0	0	0	0	0	0	0	0
"uc001xoh.1"	0	1	0	0	2	2	0	3
"uc001xoi.1"	0	0	0	0	0	0	0	0
"uc001xok.1"	230	274	326	266	242	227	336	382
"uc001xol.1"	332	332	340	297	192	215	311	263
"uc001xom.4"	3	7	7	9	6	6	5	10
"uc001xon.5"	286	239	317	233	74	32	96	112
"uc001xoo.3"	0	0	0	0	0	0	0	1
"uc001xop.3"	0	0	0	0	0	2	0	1
"uc001xoq.4"	0	0	0	0	0	0	0	0
"uc001xor.1"	786	905	836	793	391	431	574	625
"uc001xos.3"	9	14	13	7	11	12	12	16
"uc001xot.3"	9	5	4	9	4	2	5	4
"uc001xou.3"	1	0	1	3	0	0	0	2
"uc001xov.1"	3	4	3	1	0	0	2	1
"uc001xow.3"	0	0	0	0	0	0	0	0
"uc001xox.3"	0	0	0	0	0	0	0	0
"uc001xoy.2"	0	0	0	0	1	1	1	0
"uc001xoz.2"	0	0	0	0	0	0	0	0
"uc001xpa.2"	0	0	0	0	0	0	0	0
"uc001xpb.2"	0	0	0	0	0	0	0	0
"uc001xpd.3"	15	37	42	29	12	8	20	8
"uc001xpe.3"	0	0	0	0	0	0	0	0
"uc001xph.3"	0	0	0	0	0	0	0	0
"uc001xpi.3"	0	0	0	0	1	0	0	1
"uc001xpm.1"	0	0	1	1	3	0	3	0
"uc001xpo.3"	0	0	0	0	0	0	0	0
"uc001xpp.2"	1	0	1	1	0	1	0	0
"uc001xpq.3"	0	0	1	0	0	0	0	0
"uc001xpr.2"	0	0	0	0	0	0	0	0
"uc001xps.2"	0	0	0	0	0	0	0	0
"uc001xpu.2"	0	0	0	0	0	0	0	0
"uc001xpv.2"	0	0	0	0	0	0	0	0
"uc001xpw.4"	0	0	0	0	0	0	0	0
"uc001xpx.2"	0	0	1	0	0	0	0	0
"uc001xpy.3"	0	0	0	0	0	0	0	0
"uc001xpz.3"	1	2	1	1	1	0	0	3
"uc001xqa.3"	242	198	244	177	68	77	37	58
"uc001xqb.3"	626	702	732	567	427	499	377	405
"uc001xqd.1"	0	0	0	0	1	0	0	0
"uc001xqe.1"	0	0	0	0	0	0	0	0
"uc001xqf.1"	0	0	0	0	0	0	0	0
"uc001xqh.3"	91	85	83	69	58	57	86	91
"uc001xqi.3"	0	1	0	0	1	1	0	0
"uc001xqj.4"	241	236	242	250	144	127	158	188
"uc001xql.4"	0	0	0	0	0	0	0	0
"uc001xqm.1"	11	8	6	10	9	16	7	6
"uc001xqo.1"	9	9	3	4	6	11	5	2
"uc001xqq.2"	0	0	0	0	0	0	0	0
"uc001xqs.3"	0	0	0	0	0	0	0	0
"uc001xqt.2"	0	0	0	0	0	0	0	0
"uc001xqu.2"	0	0	0	0	0	0	0	0
"uc001xqv.2"	0	0	0	0	0	0	0	0
"uc001xqx.1"	1	0	8	3	7	5	4	7
"uc001xqy.1"	1	1	1	0	1	0	2	0
"uc001xqz.3"	0	0	0	0	0	0	0	0
"uc001xrb.3"	0	0	0	0	0	0	0	0
"uc001xrc.2"	670	791	723	659	550	667	715	735
"uc001xrd.1"	0	0	0	0	0	0	0	0
"uc001xre.1"	0	0	0	0	0	0	0	0
"uc001xrf.3"	1	4	3	4	1	1	0	2
"uc001xrg.3"	0	0	0	0	0	0	0	0
"uc001xrh.3"	3	1	2	0	1	1	0	0
"uc001xri.3"	0	0	0	0	0	0	0	0
"uc001xrj.3"	2	1	0	0	3	1	0	0
"uc001xrk.3"	2	3	3	1	2	4	5	6
"uc001xrl.3"	280	282	279	285	128	118	161	227
"uc001xrm.1"	0	0	0	0	0	0	0	0
"uc001xrn.3"	0	0	0	0	0	0	0	0
"uc001xrp.3"	1	6	2	5	2	0	0	0
"uc001xrq.3"	8	2	7	2	4	6	9	7
"uc001xrr.3"	0	0	0	0	0	0	0	0
"uc001xrs.2"	97	104	100	68	93	104	98	135
"uc001xrt.3"	573	657	616	566	782	877	910	728
"uc001xrv.3"	0	0	0	0	3	0	0	0
"uc001xrw.2"	1	0	3	1	0	0	1	1
"uc001xrx.3"	0	0	0	0	0	0	0	0
"uc001xry.1"	0	0	0	0	0	0	0	0
"uc001xrz.3"	0	0	0	0	0	0	0	0
"uc001xsa.3"	0	0	0	0	0	0	0	0
"uc001xsc.2"	70	65	70	60	72	106	83	101
"uc001xsd.3"	0	0	0	0	0	0	0	0
"uc001xse.3"	4	9	14	4	11	17	9	10
"uc001xsf.2"	0	0	0	0	0	0	0	0
"uc001xsg.2"	0	0	0	0	0	0	0	0
"uc001xsh.3"	0	0	0	0	0	0	0	0
"uc001xsi.3"	0	0	0	0	0	0	0	0
"uc001xsj.1"	0	0	0	0	0	0	0	0
"uc001xsk.1"	0	0	0	1	0	0	2	1
"uc001xsl.3"	1	1	0	0	0	0	0	0
"uc001xsm.3"	32	55	35	44	50	61	81	57
"uc001xsn.1"	2	4	6	1	2	4	5	5
"uc001xso.3"	0	0	0	0	0	0	0	0
"uc001xsq.1"	0	0	0	0	0	0	0	0
"uc001xsr.3"	0	0	0	0	0	0	0	0
"uc001xss.3"	0	0	0	0	0	0	0	0
"uc001xst.2"	0	1	0	1	2	2	1	2
"uc001xsu.1"	9	9	12	12	7	10	4	9
"uc001xsv.3"	666	568	620	600	516	488	690	819
"uc001xsw.2"	0	0	0	0	0	0	0	0
"uc001xsx.2"	0	0	0	0	0	0	0	0
"uc001xsy.4"	1305	1312	1428	1234	326	305	406	483
"uc001xsz.3"	0	0	0	0	0	0	0	0
"uc001xta.1"	1	1	0	0	0	0	1	0
"uc001xtb.1"	0	0	0	0	0	0	0	0
"uc001xtc.1"	0	0	0	0	0	0	0	0
"uc001xtd.3"	0	0	0	0	0	0	0	0
"uc001xtf.2"	0	0	0	0	0	0	0	0
"uc001xtg.1"	0	0	0	0	0	0	0	0
"uc001xth.1"	1	3	4	1	3	3	3	1
"uc001xti.2"	0	0	0	0	0	0	0	0
"uc001xtj.3"	0	0	0	0	0	0	0	0
"uc001xtk.3"	0	0	0	0	0	0	0	0
"uc001xtl.4"	0	2	4	1	1	2	0	0
"uc001xtm.3"	0	0	0	0	0	0	0	0
"uc001xtn.1"	1	1	0	0	0	1	0	0
"uc001xto.1"	11	24	29	14	13	21	15	14
"uc001xtq.1"	2	1	1	3	0	0	0	0
"uc001xtr.3"	1	0	0	0	1	0	0	0
"uc001xtt.2"	0	0	0	0	0	0	0	0
"uc001xtu.2"	0	0	0	0	0	0	0	0
"uc001xtv.2"	0	0	0	0	0	0	0	0
"uc001xtw.3"	348	318	395	337	411	345	514	522
"uc001xty.3"	0	0	0	0	0	0	0	0
"uc001xtz.3"	0	0	0	0	0	0	0	0
"uc001xua.3"	0	0	0	0	0	0	0	0
"uc001xub.3"	1154	1396	1288	1288	1993	2311	1591	1307
"uc001xuc.1"	171	196	193	180	190	201	280	289
"uc001xue.5"	0	0	0	0	0	0	0	0
"uc001xuf.3"	0	0	0	0	0	0	0	0
"uc001xuh.2"	0	0	0	0	0	0	0	0
"uc001xui.3"	0	0	0	0	0	0	0	0
"uc001xuj.3"	0	0	0	0	0	0	0	0
"uc001xuk.1"	0	0	0	0	0	0	0	0
"uc001xul.3"	8	2	4	3	4	3	5	1
"uc001xum.2"	0	0	0	0	0	0	0	0
"uc001xun.4"	0	0	0	0	0	0	0	0
"uc001xuo.1"	0	0	0	0	0	0	0	0
"uc001xup.3"	0	0	0	0	0	0	0	0
"uc001xuq.3"	0	0	0	0	0	0	0	0
"uc001xur.5"	0	0	0	0	0	0	0	0
"uc001xut.3"	0	0	0	0	0	0	0	0
"uc001xuw.1"	0	0	0	0	0	0	0	0
"uc001xux.2"	4	2	1	1	3	6	5	2
"uc001xuy.1"	0	0	0	0	0	0	0	0
"uc001xva.1"	0	0	0	0	0	0	0	0
"uc001xvb.1"	0	0	0	0	0	0	0	0
"uc001xvc.3"	0	0	0	0	0	0	0	0
"uc001xvd.1"	2	0	0	0	0	0	0	0
"uc001xve.2"	1	0	0	0	0	0	0	0
"uc001xvf.2"	0	0	0	0	0	0	0	0
"uc001xvg.2"	0	0	0	0	0	0	0	0
"uc001xvi.1"	0	0	0	0	0	0	0	0
"uc001xvj.3"	4	3	4	5	2	0	4	2
"uc001xvk.2"	0	1	0	1	0	0	0	0
"uc001xvo.4"	0	0	0	0	0	0	0	0
"uc001xvp.3"	0	0	0	0	0	0	0	0
"uc001xvq.1"	0	0	0	0	0	0	0	0
"uc001xvr.3"	0	0	0	0	0	0	0	0
"uc001xvs.3"	0	0	0	0	0	0	0	0
"uc001xvt.3"	0	0	0	0	0	0	0	0
"uc001xvu.2"	0	0	0	0	0	0	0	0
"uc001xvv.3"	0	0	0	0	0	0	0	0
"uc001xvw.3"	0	0	0	0	0	0	0	0
"uc001xvx.3"	0	0	0	0	0	0	0	0
"uc001xwa.3"	0	0	0	0	0	0	0	0
"uc001xwb.3"	0	0	0	0	0	0	0	0
"uc001xwc.3"	0	0	0	0	0	0	0	0
"uc001xwd.1"	0	0	0	0	0	0	0	0
"uc001xwh.3"	0	0	0	0	0	0	0	0
"uc001xwi.3"	0	0	0	0	0	0	0	0
"uc001xwj.3"	0	0	0	0	0	0	0	0
"uc001xwk.3"	0	0	0	0	0	0	0	0
"uc001xwl.3"	0	0	0	0	0	0	0	0
"uc001xwm.3"	0	0	0	0	0	0	0	0
"uc001xwn.3"	0	0	0	0	0	0	0	0
"uc001xwo.3"	0	0	0	0	0	0	0	0
"uc001xwp.1"	0	0	0	0	0	0	0	0
"uc001xwq.3"	0	0	0	0	0	0	0	1
"uc001xwr.3"	0	0	0	0	0	0	0	0
"uc001xws.3"	0	0	0	0	0	0	0	0
"uc001xwt.3"	0	0	0	0	0	0	0	0
"uc001xwu.3"	0	0	0	0	0	0	0	0
"uc001xwv.4"	0	0	1	1	0	0	1	1
"uc001xww.3"	0	0	0	0	0	0	0	0
"uc001xwx.3"	0	0	0	0	0	0	0	0
"uc001xwy.3"	1	0	0	0	1	0	0	0
"uc001xxa.3"	0	0	0	0	0	0	0	0
"uc001xxb.3"	0	0	0	0	0	0	0	0
"uc001xxc.3"	0	0	0	0	0	0	0	0
"uc001xxd.3"	0	0	0	0	0	0	0	2
"uc001xxe.3"	0	0	0	0	0	2	1	0
"uc001xxf.3"	0	0	0	0	0	0	0	0
"uc001xxh.1"	0	0	0	0	0	3	0	0
"uc001xxi.3"	0	0	0	0	0	0	0	0
"uc001xxj.3"	0	0	0	0	0	0	0	0
"uc001xxk.3"	0	0	0	0	0	0	0	0
"uc001xxl.3"	0	0	0	0	0	1	0	0
"uc001xxn.4"	0	0	0	0	0	0	0	0
"uc001xxo.4"	0	0	0	0	0	0	0	1
"uc001xxp.2"	1	0	0	0	0	0	0	0
"uc001xxq.3"	22	34	21	35	17	7	23	12
"uc001xxr.3"	0	0	0	0	0	0	0	0
"uc001xxs.3"	0	0	0	0	0	0	0	0
"uc001xxt.3"	0	0	0	0	0	0	0	0
"uc001xxu.3"	1	0	1	0	0	0	1	0
"uc001xxv.1"	0	0	0	0	0	0	0	0
"uc001xxw.2"	0	0	0	0	0	0	0	0
"uc001xxx.2"	0	0	0	0	0	0	0	0
"uc001xxy.3"	0	0	0	0	0	0	0	0
"uc001xxz.3"	0	0	0	0	0	0	0	0
"uc001xya.3"	0	0	0	0	0	0	0	0
"uc001xyb.3"	0	1	0	0	1	0	0	1
"uc001xyd.1"	0	1	0	3	0	0	0	0
"uc001xye.1"	0	0	0	0	0	0	0	0
"uc001xyf.3"	0	0	0	0	0	0	0	0
"uc001xyg.3"	0	0	0	0	0	0	0	0
"uc001xyh.3"	0	0	0	0	0	0	1	0
"uc001xyi.2"	4	4	3	1	2	1	3	1
"uc001xyj.2"	0	0	0	0	0	0	0	0
"uc001xyl.2"	0	0	0	0	0	0	0	0
"uc001xym.2"	13	9	6	8	4	0	0	3
"uc001xyo.3"	0	0	0	0	0	0	0	0
"uc001xyp.3"	6	9	7	6	12	11	7	8
"uc001xyq.3"	0	0	0	0	0	0	1	0
"uc001xyr.1"	0	0	0	0	0	0	0	0
"uc001xys.2"	0	0	0	0	0	0	0	0
"uc001xyt.3"	0	0	0	0	0	0	0	0
"uc001xyv.2"	0	0	0	0	0	0	0	0
"uc001xyw.2"	0	0	0	0	0	0	0	0
"uc001xyx.2"	0	0	0	0	0	0	0	0
"uc001xyy.2"	0	0	0	0	0	0	0	0
"uc001xyz.2"	0	0	0	0	0	0	0	0
"uc001xza.2"	0	0	0	0	0	0	0	0
"uc001xzb.2"	0	0	0	0	0	0	0	0
"uc001xzc.2"	0	0	0	0	0	0	0	0
"uc001xze.2"	0	0	0	0	0	0	0	0
"uc001xzg.3"	0	0	0	0	0	0	0	0
"uc001xzh.3"	0	0	0	0	0	0	0	0
"uc001xzi.3"	1	0	1	2	1	1	0	2
"uc001xzj.3"	4	2	1	3	0	0	1	2
"uc001xzl.4"	0	0	0	0	0	0	0	0
"uc001xzm.3"	0	0	0	0	0	0	0	0
"uc001xzn.3"	0	0	0	0	0	0	0	0
"uc001xzo.3"	0	0	0	0	0	0	0	0
"uc001xzp.1"	1	0	2	1	3	3	3	1
"uc001xzq.1"	2	2	4	6	7	10	4	6
"uc001xzs.1"	0	0	0	0	0	0	0	0
"uc001xzt.4"	0	0	0	0	0	0	0	1
"uc001xzu.4"	0	0	0	0	0	0	0	0
"uc001xzv.4"	0	0	0	0	0	0	0	0
"uc001xzw.3"	5	3	3	1	1	0	0	4
"uc001xzx.4"	0	0	0	0	0	0	0	0
"uc001xzy.3"	23	32	32	33	27	26	24	33
"uc001xzz.4"	0	0	0	0	0	0	0	0
"uc001yaa.3"	0	1	0	2	1	1	0	0
"uc001yab.3"	0	0	0	0	0	0	0	0
"uc001yac.4"	0	0	0	0	0	0	0	0
"uc001yad.4"	0	0	0	0	0	0	0	0
"uc001yae.4"	0	0	0	0	0	0	0	0
"uc001yaf.3"	121	119	125	119	145	145	167	149
"uc001yag.1"	3	1	0	0	1	1	2	1
"uc001yah.2"	711	970	878	819	1154	1527	1337	970
"uc001yai.3"	0	0	0	0	0	0	0	0
"uc001yak.3"	0	0	0	0	0	0	0	0
"uc001yal.1"	0	0	0	0	0	0	0	0
"uc001yam.1"	0	0	0	0	0	0	0	0
"uc001yan.3"	0	0	0	0	0	0	0	0
"uc001yap.3"	0	0	0	0	0	0	0	0
"uc001yaq.3"	0	0	0	0	0	0	0	0
"uc001yar.1"	0	0	0	0	0	0	0	0
"uc001yas.1"	0	0	0	0	0	0	0	0
"uc001yat.3"	0	0	0	0	0	0	0	0
"uc001yau.3"	0	0	0	0	0	0	0	0
"uc001yav.3"	0	0	0	0	0	0	0	1
"uc001yaw.3"	0	0	0	0	0	0	0	0
"uc001yaz.1"	152	201	158	189	153	177	221	178
"uc001yba.1"	0	0	0	0	0	0	0	0
"uc001ybb.1"	0	0	0	0	0	0	0	0
"uc001ybc.4"	0	0	0	0	0	0	0	0
"uc001ybd.4"	0	0	0	0	0	0	0	0
"uc001ybe.2"	1	2	1	1	0	1	0	1
"uc001ybf.3"	0	0	0	0	0	0	0	0
"uc001ybg.3"	0	0	0	0	0	0	0	0
"uc001ybh.3"	0	0	0	0	0	0	0	0
"uc001ybi.3"	0	0	1	0	2	2	0	0
"uc001ybj.3"	198	216	227	189	116	130	160	107
"uc001ybk.4"	0	0	0	0	0	0	0	0
"uc001ybl.1"	85	103	91	93	100	116	96	104
"uc001ybm.4"	0	0	0	0	0	0	0	0
"uc001ybn.4"	0	0	0	0	0	0	0	0
"uc001ybo.3"	0	0	0	0	0	0	0	0
"uc001ybp.3"	0	0	0	0	0	0	0	0
"uc001ybq.4"	0	0	0	1	1	1	0	1
"uc001ybr.3"	4	2	5	4	3	0	6	1
"uc001ybs.1"	3	6	5	2	3	2	3	2
"uc001ybt.1"	0	0	0	0	0	0	0	0
"uc001ybu.1"	0	0	0	0	0	0	0	0
"uc001ybv.1"	0	0	0	0	0	0	0	0
"uc001ybw.1"	0	0	0	0	0	0	0	0
"uc001ybx.1"	0	0	0	0	0	0	0	0
"uc001yby.2"	0	0	0	0	0	0	0	0
"uc001ybz.2"	0	0	0	0	0	0	0	0
"uc001yca.2"	0	0	0	0	0	0	0	0
"uc001ycb.2"	0	0	0	0	0	0	0	0
"uc001ycc.2"	0	0	0	0	0	0	0	0
"uc001ycd.3"	0	0	0	0	0	0	0	0
"uc001yce.1"	0	0	0	0	0	0	0	0
"uc001ycf.3"	0	0	1	0	0	0	0	0
"uc001ycg.1"	0	0	0	0	0	0	0	0
"uc001ych.4"	0	0	0	1	0	0	0	0
"uc001yci.3"	39	57	47	46	41	49	38	42
"uc001ycj.3"	5	2	8	2	1	2	1	3
"uc001yck.3"	0	0	0	0	0	0	0	0
"uc001ycl.3"	0	0	0	0	0	0	0	0
"uc001ycm.1"	0	0	0	0	0	0	0	0
"uc001ycn.1"	0	0	0	0	0	0	0	0
"uc001ycq.3"	27	14	19	11	3	3	6	5
"uc001ycr.3"	0	0	0	0	0	0	0	0
"uc001ycs.1"	0	0	0	0	0	0	0	0
"uc001yct.3"	0	0	0	0	0	0	0	0
"uc001ycu.5"	0	0	0	0	0	0	0	0
"uc001ycv.3"	0	0	0	0	0	0	0	0
"uc001ycw.4"	0	0	0	0	0	0	0	0
"uc001ycx.4"	0	0	0	0	0	0	0	0
"uc001ycy.4"	0	0	0	0	0	0	0	0
"uc001ycz.4"	0	0	0	0	0	0	0	0
"uc001yda.1"	0	0	0	0	0	0	0	0
"uc001ydb.4"	0	0	0	0	0	0	0	0
"uc001ydc.4"	0	0	0	0	0	0	0	0
"uc001ydd.1"	0	0	0	0	0	0	0	0
"uc001yde.3"	0	0	0	0	0	0	0	0
"uc001ydf.3"	0	0	0	0	0	0	0	0
"uc001ydg.3"	0	0	0	0	0	0	0	0
"uc001ydh.1"	0	0	0	0	0	0	0	0
"uc001ydi.1"	0	0	0	0	0	0	0	0
"uc001ydj.3"	0	0	0	0	0	0	0	0
"uc001ydk.3"	0	0	0	0	0	0	0	0
"uc001ydl.3"	0	0	0	0	0	0	0	0
"uc001ydm.3"	0	0	0	0	0	0	0	0
"uc001ydn.1"	0	0	0	0	0	0	0	0
"uc001ydo.4"	0	0	0	0	0	0	0	0
"uc001ydp.3"	0	0	0	0	0	0	0	0
"uc001ydr.3"	0	0	0	0	0	0	0	0
"uc001yds.3"	0	0	0	0	0	0	0	0
"uc001ydt.3"	0	0	0	0	0	0	0	0
"uc001ydu.3"	0	0	0	0	0	0	0	0
"uc001ydv.3"	0	0	0	0	1	0	0	0
"uc001ydw.2"	0	0	0	0	0	0	0	0
"uc001ydx.2"	0	0	0	0	0	0	0	0
"uc001ydy.1"	0	0	1	1	0	0	2	0
"uc001ydz.1"	0	0	0	0	0	0	0	0
"uc001yea.1"	0	0	0	0	0	0	0	0
"uc001yeb.1"	0	0	0	0	0	0	0	0
"uc001yec.1"	0	3	3	0	2	0	0	2
"uc001yee.1"	1	0	2	1	1	0	1	0
"uc001yef.2"	15	19	23	14	25	30	19	30
"uc001yeh.4"	13	13	14	10	33	37	35	28
"uc001yei.4"	0	0	0	0	0	0	0	0
"uc001yej.1"	0	0	0	0	1	3	3	2
"uc001yek.3"	0	0	0	0	0	0	0	0
"uc001yel.3"	6	6	9	8	12	18	16	11
"uc001yem.1"	209	208	219	207	176	241	299	265
"uc001yen.1"	0	0	0	0	0	0	0	0
"uc001yep.1"	0	1	0	2	1	0	0	0
"uc001yet.1"	0	0	0	0	0	0	0	0
"uc001yeu.2"	0	0	0	0	0	0	0	0
"uc001yev.2"	0	0	0	0	0	0	0	0
"uc001yew.3"	0	0	0	0	0	0	0	0
"uc001yex.3"	0	0	0	0	0	0	0	0
"uc001yez.3"	0	0	0	0	0	0	0	0
"uc001yfa.3"	0	0	0	0	0	0	0	0
"uc001yfb.4"	0	0	0	0	0	0	0	0
"uc001yfc.4"	0	0	0	0	0	0	0	0
"uc001yfd.1"	0	0	0	0	0	0	0	0
"uc001yfe.3"	0	0	0	0	0	0	0	0
"uc001yff.4"	0	0	0	0	0	0	0	1
"uc001yfg.2"	0	0	0	0	0	0	0	0
"uc001yfh.3"	0	0	0	1	0	0	0	0
"uc001yfi.3"	498	578	571	536	265	299	325	265
"uc001yfj.5"	0	0	0	0	0	0	0	0
"uc001yfl.4"	2	4	6	4	4	9	5	8
"uc001yfm.1"	1	0	1	2	0	0	0	0
"uc001yfn.3"	0	1	0	0	1	1	1	0
"uc001yfo.3"	0	1	0	0	0	4	1	0
"uc001yfp.3"	0	0	0	0	0	0	0	0
"uc001yfq.3"	0	0	0	0	0	0	0	0
"uc001yfr.3"	0	0	0	0	0	0	0	0
"uc001yfs.3"	0	0	0	0	0	0	1	0
"uc001yft.3"	78	127	97	87	95	124	187	131
"uc001yfu.3"	0	0	0	0	0	0	0	0
"uc001yfv.2"	0	0	0	0	0	0	0	0
"uc001yfw.2"	0	0	0	0	0	0	0	0
"uc001yfx.2"	0	0	0	0	0	0	0	0
"uc001yfy.2"	0	0	0	0	0	0	0	0
"uc001yfz.2"	0	0	0	0	0	0	0	0
"uc001yga.3"	0	0	0	0	0	0	0	0
"uc001ygb.3"	0	0	0	0	0	0	0	0
"uc001ygc.3"	0	0	0	0	0	0	0	0
"uc001ygd.3"	0	1	0	2	0	0	1	2
"uc001ygf.3"	5	1	3	0	6	2	0	3
"uc001ygi.4"	426	476	457	423	573	711	796	709
"uc001ygl.1"	0	0	0	0	0	0	0	0
"uc001ygn.1"	0	0	1	0	1	0	0	0
"uc001ygo.3"	0	0	0	0	0	0	0	0
"uc001ygp.3"	0	0	0	0	0	0	0	0
"uc001ygq.3"	0	0	0	0	0	0	0	0
"uc001ygr.3"	0	0	0	0	0	0	0	0
"uc001ygs.3"	0	0	0	0	0	0	0	0
"uc001ygt.3"	1	2	0	1	0	1	1	0
"uc001ygu.3"	0	0	0	0	0	0	0	0
"uc001ygv.2"	167	174	162	145	171	157	168	168
"uc001ygw.1"	21	17	19	20	15	16	17	20
"uc001ygx.2"	3	1	3	4	17	15	4	6
"uc001ygy.2"	900	906	1056	1040	738	869	983	960
"uc001ygz.2"	684	721	755	630	868	863	849	812
"uc001yha.3"	0	0	0	0	0	0	0	0
"uc001yhc.3"	0	0	0	0	0	0	0	0
"uc001yhd.3"	0	0	0	0	0	0	0	0
"uc001yhg.2"	0	2	0	0	0	1	0	0
"uc001yhh.1"	0	0	0	0	0	0	0	0
"uc001yhi.1"	0	0	0	0	0	0	0	0
"uc001yhk.1"	0	0	0	0	0	0	0	0
"uc001yhl.1"	0	0	0	0	0	0	0	0
"uc001yhn.3"	0	2	4	0	1	0	0	1
"uc001yho.3"	2	3	5	1	2	0	0	0
"uc001yhp.3"	0	0	3	1	0	0	1	0
"uc001yhq.3"	0	1	4	2	0	1	2	1
"uc001yhr.1"	0	0	0	0	0	0	0	0
"uc001yhs.4"	0	0	0	0	0	0	0	0
"uc001yhu.4"	0	0	0	0	0	0	0	0
"uc001yhw.3"	0	0	0	0	0	0	0	0
"uc001yhy.3"	0	0	0	0	0	0	0	0
"uc001yhz.3"	0	0	0	0	0	0	0	0
"uc001yib.3"	0	0	0	0	0	0	0	0
"uc001yic.3"	0	0	0	0	0	0	0	0
"uc001yid.2"	0	0	0	0	0	0	0	0
"uc001yie.3"	0	0	0	0	0	0	0	0
"uc001yif.2"	0	0	0	0	0	0	0	0
"uc001yig.3"	0	0	0	0	0	0	0	0
"uc001yii.1"	0	0	0	0	0	0	0	0
"uc001yij.3"	0	0	0	0	0	0	0	0
"uc001yil.3"	0	0	0	0	0	0	0	0
"uc001yim.1"	0	0	0	0	0	0	0	0
"uc001yin.3"	0	0	0	0	0	0	0	0
"uc001yio.3"	0	0	0	0	0	0	0	0
"uc001yiq.3"	0	0	0	0	0	0	0	0
"uc001yir.3"	0	0	0	0	0	0	0	0
"uc001yis.3"	0	0	0	0	0	0	0	0
"uc001yit.3"	0	0	0	0	0	0	0	0
"uc001yiu.3"	0	0	0	0	0	0	0	0
"uc001yiv.3"	0	0	0	0	0	0	0	0
"uc001yiw.3"	0	0	0	0	0	0	0	0
"uc001yix.1"	0	0	0	0	0	0	0	0
"uc001yiy.1"	0	0	0	0	0	0	0	0
"uc001yiz.3"	0	0	0	0	0	0	0	0
"uc001yja.3"	0	0	0	0	0	0	0	0
"uc001yjb.3"	0	0	0	0	0	0	0	0
"uc001yjc.3"	0	0	0	0	0	0	0	0
"uc001yjd.3"	0	0	0	0	0	0	0	0
"uc001yje.3"	0	0	0	0	0	0	0	0
"uc001yjf.1"	0	0	0	0	0	0	0	0
"uc001yjg.3"	0	0	0	0	0	0	0	0
"uc001yjh.3"	0	0	0	0	0	0	0	0
"uc001yji.3"	0	0	0	0	0	0	0	0
"uc001yjj.3"	0	0	0	0	0	0	0	0
"uc001yjk.1"	0	0	0	0	0	0	0	0
"uc001yjl.3"	0	0	0	0	0	0	0	0
"uc001yjm.3"	0	0	0	0	0	0	0	0
"uc001yjn.3"	0	0	0	0	0	0	0	0
"uc001yjo.1"	0	0	0	0	0	0	0	0
"uc001yjp.1"	0	0	0	0	0	0	0	0
"uc001yjq.3"	0	0	0	0	0	0	0	0
"uc001yjr.3"	0	0	0	0	0	0	0	0
"uc001yjs.3"	0	0	0	0	0	0	0	0
"uc001yjt.1"	0	0	0	0	0	0	0	0
"uc001yju.3"	0	0	0	0	0	0	0	0
"uc001yjv.3"	0	0	0	0	0	0	0	0
"uc001yjx.1"	0	0	0	0	0	0	0	0
"uc001yjy.1"	0	0	0	0	0	0	0	0
"uc001yjz.2"	0	0	0	0	0	0	0	0
"uc001ykb.1"	0	0	0	0	1	0	0	2
"uc001ykd.1"	0	0	0	0	0	0	0	0
"uc001yke.3"	0	0	0	0	0	0	0	0
"uc001ykf.3"	0	0	0	0	0	0	0	0
"uc001ykg.3"	0	0	0	0	0	0	0	0
"uc001ykh.3"	0	0	0	0	0	0	0	0
"uc001ykj.4"	5	9	10	14	10	8	20	25
"uc001ykk.3"	0	0	0	0	0	0	0	0
"uc001ykl.1"	8	7	3	6	5	4	7	6
"uc001ykn.3"	0	0	0	0	0	0	0	0
"uc001yko.3"	0	0	0	0	0	0	0	0
"uc001ykp.3"	0	0	0	0	0	0	0	0
"uc001ykq.3"	0	0	0	0	0	0	0	0
"uc001ykr.1"	4	3	4	6	0	2	4	3
"uc001yks.2"	29976	30691	33309	26879	23857	24780	25287	26493
"uc001ykt.1"	0	0	0	1	1	0	1	1
"uc001yku.4"	0	0	2	1	0	1	3	1
"uc001ykv.4"	8	4	4	3	4	8	11	7
"uc001ykw.1"	2	5	2	2	14	3	12	14
"uc001ykx.1"	0	0	0	0	0	0	0	0
"uc001ykz.3"	0	0	0	0	0	0	0	0
"uc001yla.3"	0	0	0	0	0	0	0	0
"uc001ylb.3"	0	0	0	0	0	0	0	0
"uc001ylc.3"	0	0	0	0	0	0	0	0
"uc001yld.3"	0	0	0	0	0	0	0	0
"uc001yle.3"	0	0	0	0	0	0	0	0
"uc001ylf.3"	0	0	0	0	0	0	0	0
"uc001ylh.4"	9	4	9	7	2	5	2	6
"uc001ylj.4"	0	0	0	0	0	0	0	1
"uc001ylk.4"	0	0	0	0	0	0	0	0
"uc001yll.4"	0	0	0	0	0	0	0	0
"uc001ylm.4"	0	0	0	0	0	0	0	0
"uc001yln.4"	0	0	1	0	1	0	0	0
"uc001ylo.3"	0	1	4	0	0	0	1	0
"uc001ylp.3"	0	0	0	0	0	0	0	0
"uc001ylq.1"	0	0	0	0	0	0	0	0
"uc001ylr.3"	0	0	0	0	0	0	0	0
"uc001yls.3"	0	0	0	0	0	0	0	0
"uc001ylt.3"	0	0	0	1	1	0	1	0
"uc001ylu.1"	20	10	18	19	14	20	25	26
"uc001ylv.1"	0	0	0	0	0	0	0	0
"uc001ylw.2"	0	0	0	0	0	0	0	0
"uc001ylx.1"	0	0	0	0	0	0	0	0
"uc001ylz.1"	1	2	0	3	1	0	1	0
"uc001yma.1"	0	0	0	0	0	0	0	0
"uc001ymb.4"	715	807	738	735	915	1201	757	634
"uc001ymc.2"	0	0	0	0	0	0	0	0
"uc001ymd.2"	0	0	0	0	0	0	0	0
"uc001yme.2"	0	0	0	0	0	0	0	0
"uc001ymf.1"	2	6	6	3	5	0	8	4
"uc001ymg.4"	1	0	0	0	0	1	1	0
"uc001ymh.4"	0	0	0	0	0	1	0	0
"uc001ymi.1"	2911	3067	2971	2511	2201	2004	1940	2147
"uc001ymj.1"	0	0	0	0	0	0	0	0
"uc001ymk.3"	95	142	146	113	9	13	9	9
"uc001yml.1"	13	11	13	12	4	2	5	3
"uc001ymm.1"	4	4	6	2	6	3	5	2
"uc001ymn.3"	0	0	0	0	0	0	0	0
"uc001ymp.1"	1	1	5	1	3	1	3	2
"uc001ymq.4"	48	36	52	59	14	6	10	14
"uc001ymr.4"	0	0	0	0	0	0	0	0
"uc001ymt.4"	0	0	0	0	1	0	0	0
"uc001ymu.3"	9	8	9	11	9	10	12	5
"uc001ymv.1"	1	5	1	0	2	1	2	2
"uc001ymw.4"	0	0	0	0	0	0	0	0
"uc001ymx.4"	0	0	0	0	0	0	0	0
"uc001ymy.4"	0	0	0	0	0	0	0	0
"uc001ymz.4"	0	0	0	0	0	0	0	0
"uc001yna.4"	0	0	0	0	0	0	0	0
"uc001ynd.3"	6	5	6	3	7	5	7	3
"uc001ynf.2"	15778	15330	16143	13134	12375	9244	12529	15740
"uc001yng.3"	61	58	68	75	90	69	98	94
"uc001ynh.2"	2	1	0	0	0	1	1	1
"uc001yni.2"	0	0	0	0	0	0	0	0
"uc001ynj.2"	2	1	1	3	0	0	0	0
"uc001ynm.1"	0	0	0	0	0	0	0	0
"uc001yno.3"	0	0	0	0	0	0	0	0
"uc001ynp.1"	0	0	0	0	0	0	0	0
"uc001ynq.1"	0	0	0	0	0	0	0	0
"uc001ynr.1"	0	0	0	0	0	0	0	0
"uc001yns.3"	0	0	0	0	0	0	0	0
"uc001ynu.1"	38	32	30	33	40	37	62	55
"uc001ynv.1"	49	37	43	39	36	32	64	46
"uc001ynw.1"	3	7	10	9	16	18	23	19
"uc001ynx.4"	0	0	0	0	0	0	0	0
"uc001yny.4"	0	0	0	0	0	0	0	0
"uc001ynz.4"	0	0	0	0	0	0	0	0
"uc001yoa.4"	0	0	0	0	0	0	0	0
"uc001yoc.3"	0	0	0	0	0	0	0	0
"uc001yod.3"	3	7	4	8	4	6	3	6
"uc001yoe.3"	13	15	16	18	13	13	18	17
"uc001yof.1"	5	4	9	5	7	6	5	9
"uc001yog.1"	1	2	1	1	2	0	2	2
"uc001yoh.1"	1	0	0	0	0	1	0	1
"uc001yoi.4"	0	0	0	0	0	0	0	0
"uc001yoj.4"	9	9	11	9	5	4	7	8
"uc001yok.3"	0	0	0	0	0	0	0	0
"uc001yom.4"	225	268	279	221	155	174	228	246
"uc001yon.4"	0	0	0	0	0	0	0	0
"uc001yoo.2"	0	0	1	0	1	0	0	1
"uc001yoq.2"	0	0	0	0	0	0	0	1
"uc001yor.2"	0	0	0	0	0	0	0	0
"uc001yos.4"	1910	1826	2077	1829	1212	752	1057	1483
"uc001you.2"	0	0	0	0	0	0	0	0
"uc001yov.1"	0	0	0	0	0	0	0	0
"uc001yow.1"	0	0	0	0	0	0	0	0
"uc001yox.1"	0	0	0	0	0	0	0	0
"uc001yoy.4"	39	43	39	36	15	16	31	37
"uc001ypb.2"	0	0	0	0	0	0	0	0
"uc001ypc.2"	0	0	0	0	0	0	0	0
"uc001ypd.3"	4	6	8	10	1	2	4	6
"uc001ype.3"	0	0	0	0	0	0	0	0
"uc001ypf.3"	0	0	0	0	0	0	0	0
"uc001ypg.1"	5	4	9	7	3	3	4	9
"uc001yph.3"	0	0	0	0	0	0	0	0
"uc001ypi.3"	0	0	0	0	0	0	0	0
"uc001ypj.3"	17	19	36	29	12	12	20	18
"uc001ypk.3"	0	0	0	0	0	0	0	0
"uc001ypl.3"	5	4	2	2	3	1	5	6
"uc001ypm.3"	0	0	0	0	0	0	0	0
"uc001ypn.3"	0	0	0	0	0	0	0	0
"uc001ypp.3"	167	177	174	132	110	118	141	126
"uc001ypq.4"	22	24	25	26	5	5	10	11
"uc001yps.3"	0	0	0	0	0	0	0	0
"uc001ypt.3"	47	44	54	38	50	59	56	61
"uc001ypu.1"	0	0	0	0	0	0	0	0
"uc001ypx.2"	0	0	0	0	0	0	0	0
"uc001ypy.1"	0	0	0	0	0	0	0	0
"uc001ypz.1"	4	3	6	6	5	8	4	2
"uc001yqa.2"	0	0	0	0	0	0	0	0
"uc001yqb.2"	55	47	51	47	56	29	75	75
"uc001yqc.3"	0	0	0	0	0	0	0	0
"uc001yqd.3"	0	0	0	0	0	0	0	0
"uc001yqe.3"	0	0	0	0	0	0	0	0
"uc001yqf.4"	1	0	0	0	1	0	0	1
"uc001yqg.4"	0	0	0	0	0	0	0	0
"uc001yqh.4"	0	0	0	0	0	0	0	0
"uc001yqi.4"	16	27	30	28	14	6	19	20
"uc001yqk.2"	2	2	3	3	1	2	1	2
"uc001yql.2"	0	0	0	0	0	0	0	0
"uc001yqn.2"	0	0	0	0	0	0	0	0
"uc001yqo.2"	0	0	0	0	0	0	0	0
"uc001yqp.2"	0	0	0	0	0	0	0	0
"uc001yqr.3"	0	0	2	1	1	1	0	4
"uc001yqs.2"	0	0	0	0	0	0	0	0
"uc001yqt.3"	0	0	0	0	0	0	0	0
"uc001yqu.3"	1	0	2	2	2	2	1	2
"uc001yqw.3"	9	12	14	9	7	3	10	12
"uc001yqx.3"	0	0	0	0	0	0	0	0
"uc001yqy.3"	0	0	0	0	0	0	0	0
"uc001yqz.1"	9	10	8	10	5	2	8	6
"uc001yra.1"	0	0	0	0	0	0	0	0
"uc001yrb.3"	25	30	30	18	34	18	28	38
"uc001yrc.3"	0	0	0	0	0	0	0	0
"uc001yrd.2"	0	0	0	0	0	0	0	0
"uc001yrf.2"	15	25	37	33	16	4	14	13
"uc001yrg.3"	11	13	10	10	7	8	4	5
"uc001yri.4"	1774	1580	1906	1751	1153	1093	1102	1410
"uc001yrj.3"	1	0	3	0	0	0	0	0
"uc001yrk.3"	0	0	0	0	0	0	0	0
"uc001yrm.3"	3	3	1	1	3	4	2	1
"uc001yrn.3"	0	0	0	0	0	0	0	0
"uc001yro.3"	0	0	0	0	0	0	0	0
"uc001yrp.1"	0	0	0	0	0	0	0	0
"uc001yrr.3"	0	0	0	0	0	0	1	0
"uc001yrs.3"	0	0	0	0	0	0	0	0
"uc001yrt.3"	0	0	0	0	0	0	0	0
"uc001yru.2"	0	0	0	0	0	0	0	0
"uc001yrw.1"	0	0	0	0	0	0	0	0
"uc001yrx.2"	0	0	0	0	0	0	0	0
"uc001yry.1"	0	0	0	0	0	0	0	0
"uc001yrz.2"	0	0	0	0	0	0	0	0
"uc001ysb.2"	0	0	0	0	0	1	0	0
"uc001ysc.3"	0	0	0	0	0	0	0	0
"uc001ysd.1"	0	0	0	0	0	0	0	0
"uc001yse.3"	0	0	0	0	0	0	0	0
"uc001ysg.1"	0	0	0	0	0	0	0	0
"uc001ysh.1"	0	0	0	0	0	0	0	0
"uc001ysi.2"	0	0	0	0	0	0	0	0
"uc001ysj.3"	0	0	0	0	0	0	0	0
"uc001ysk.1"	0	0	0	0	0	0	0	0
"uc001ysl.1"	0	0	0	0	0	0	0	0
"uc001ysm.2"	0	0	0	0	0	0	0	0
"uc001ysn.1"	0	0	0	0	0	0	0	0
"uc001ysq.3"	0	0	0	0	0	0	0	0
"uc001ysr.3"	0	0	0	0	0	0	0	0
"uc001yss.3"	0	0	0	0	0	0	0	0
"uc001yst.3"	0	0	0	0	0	0	0	0
"uc001ysu.1"	0	0	0	0	0	0	0	0
"uc001ysv.3"	0	0	0	0	0	0	0	0
"uc001ysw.1"	0	0	0	0	0	0	0	0
"uc001ysx.1"	0	0	0	0	0	0	0	0
"uc001ysy.2"	183	207	203	211	202	280	295	299
"uc001ysz.3"	0	0	0	0	0	0	0	0
"uc001yta.1"	0	0	0	0	0	0	0	0
"uc010ahc.1"	0	0	0	0	0	0	0	0
"uc010ahe.1"	0	0	0	0	0	0	0	0
"uc010ahh.2"	0	2	1	1	3	2	1	1
"uc010ahi.1"	0	0	0	0	0	0	0	0
"uc010ahj.1"	0	0	0	0	0	0	0	0
"uc010ahk.3"	0	0	0	0	0	0	0	0
"uc010ahm.2"	6	9	7	1	6	4	6	4
"uc010ahn.3"	0	0	0	0	0	0	1	0
"uc010aho.3"	0	0	0	0	0	0	0	0
"uc010ahp.3"	0	0	0	0	0	0	0	0
"uc010ahq.3"	0	0	0	0	0	0	0	0
"uc010ahr.3"	0	0	0	0	0	0	0	0
"uc010ahs.3"	0	0	0	0	0	0	0	0
"uc010aht.3"	0	0	0	0	0	0	0	0
"uc010ahu.3"	0	0	0	0	0	0	0	0
"uc010ahv.3"	0	0	0	0	0	0	0	0
"uc010ahw.3"	0	0	0	0	0	0	0	0
"uc010ahx.3"	0	0	0	0	0	0	0	0
"uc010aif.2"	0	0	0	0	0	0	0	0
"uc010aig.3"	0	0	0	0	0	0	0	0
"uc010aij.3"	0	0	0	0	0	0	0	0
"uc010aik.1"	2	2	4	0	0	0	0	0
"uc010ail.3"	35	39	46	39	0	1	0	1
"uc010aim.3"	0	0	0	0	0	0	0	0
"uc010ain.4"	0	0	0	0	0	0	0	0
"uc010aip.1"	0	0	0	0	0	0	0	0
"uc010aiq.1"	0	0	0	0	0	0	0	0
"uc010air.1"	0	0	0	0	0	0	0	0
"uc010ais.1"	0	0	0	0	0	0	0	0
"uc010ait.1"	0	0	0	0	0	0	0	0
"uc010aiv.1"	0	0	0	0	0	0	0	0
"uc010aiy.2"	0	0	0	0	0	0	0	0
"uc010aiz.2"	0	0	0	0	0	0	0	0
"uc010ajd.1"	0	0	0	0	0	0	0	0
"uc010aje.1"	0	0	0	0	0	0	0	0
"uc010ajf.1"	0	0	0	0	0	0	0	0
"uc010ajh.1"	0	0	0	0	0	0	0	0
"uc010aji.1"	0	0	0	0	0	0	0	0
"uc010ajj.1"	0	0	0	0	0	0	0	0
"uc010ajk.2"	0	0	0	0	0	0	0	0
"uc010ajl.1"	0	0	0	0	0	0	0	0
"uc010ajm.2"	0	0	0	0	0	0	0	0
"uc010ajn.1"	0	0	0	0	0	0	0	0
"uc010ajo.1"	0	0	0	0	0	0	0	0
"uc010ajp.1"	0	0	0	0	0	0	0	0
"uc010ajq.1"	1	1	3	0	0	0	0	1
"uc010ajs.1"	0	0	0	0	0	0	0	0
"uc010ajt.3"	0	0	0	0	0	0	0	0
"uc010aju.1"	0	0	0	0	0	0	0	0
"uc010ajv.1"	0	0	0	0	0	0	0	0
"uc010ajw.2"	0	0	0	0	0	0	0	0
"uc010ajx.1"	0	0	0	0	0	0	0	0
"uc010ajy.2"	0	0	0	0	0	0	0	0
"uc010ajz.1"	0	0	0	0	0	0	0	0
"uc010akb.2"	0	0	0	0	0	0	0	0
"uc010ake.1"	0	1	2	1	0	0	0	0
"uc010akf.3"	0	0	0	0	0	0	0	0
"uc010akg.3"	0	0	0	0	0	0	0	0
"uc010aki.1"	0	1	0	0	0	1	0	0
"uc010akj.4"	0	0	0	0	0	0	0	0
"uc010akk.3"	0	0	0	0	0	0	0	0
"uc010akl.1"	0	0	0	0	0	0	0	0
"uc010akm.3"	0	0	0	0	0	0	0	0
"uc010akn.3"	0	0	0	0	0	0	0	0
"uc010ako.3"	0	0	0	0	0	0	0	0
"uc010akp.2"	0	0	0	0	0	0	0	0
"uc010akq.3"	0	0	0	0	0	0	0	0
"uc010akr.4"	0	0	0	0	0	0	0	0
"uc010aks.3"	0	0	0	0	0	0	0	0
"uc010akt.3"	0	0	0	0	0	0	0	0
"uc010aku.1"	0	0	0	0	0	0	0	0
"uc010akv.3"	0	0	0	0	0	0	0	0
"uc010akx.1"	0	0	0	0	0	0	0	0
"uc010aky.2"	5	7	3	7	6	5	6	5
"uc010akz.3"	0	0	0	0	0	0	0	0
"uc010alb.3"	0	0	0	0	0	0	0	0
"uc010ald.2"	0	0	0	0	0	0	0	0
"uc010ale.2"	0	0	0	0	0	0	0	0
"uc010alg.1"	0	0	0	0	0	0	0	0
"uc010alh.1"	0	0	0	0	0	0	0	0
"uc010alj.3"	0	0	0	0	0	0	0	0
"uc010alk.2"	0	0	0	0	0	0	0	0
"uc010all.3"	0	0	0	0	0	0	0	0
"uc010alm.3"	0	0	0	0	0	0	0	0
"uc010aln.2"	4	1	5	4	8	5	4	7
"uc010alo.3"	0	0	0	0	0	0	0	0
"uc010alp.3"	41	54	58	49	61	77	123	76
"uc010alq.3"	0	0	0	0	0	0	0	0
"uc010alr.3"	0	0	0	0	0	0	0	0
"uc010als.2"	0	0	0	0	0	0	0	0
"uc010alt.3"	0	0	0	0	0	0	0	0
"uc010alu.3"	1	0	0	0	0	1	1	0
"uc010alv.3"	0	0	0	0	0	0	0	0
"uc010alw.3"	0	0	0	0	0	0	0	0
"uc010alx.1"	0	0	0	0	0	0	0	0
"uc010aly.2"	0	0	0	0	0	0	0	0
"uc010alz.2"	0	0	0	0	0	0	0	0
"uc010ama.2"	0	0	0	0	0	0	0	0
"uc010amb.2"	0	0	0	0	0	0	0	0
"uc010amc.2"	0	0	0	0	1	0	1	1
"uc010amd.2"	1	0	0	0	0	0	0	0
"uc010amf.2"	0	0	0	0	0	0	0	0
"uc010amh.3"	0	0	0	0	0	0	0	0
"uc010ami.3"	0	0	0	0	0	0	0	0
"uc010amj.3"	0	0	0	0	0	0	0	0
"uc010amk.3"	17	39	37	20	18	13	19	20
"uc010aml.3"	1	1	1	0	0	0	1	0
"uc010amm.1"	0	0	0	0	0	0	0	0
"uc010amn.1"	0	3	3	1	3	5	3	1
"uc010amp.3"	0	0	0	0	0	0	0	0
"uc010amq.3"	0	0	0	0	0	1	0	0
"uc010amr.2"	2	3	1	3	3	2	5	5
"uc010ams.3"	0	0	0	0	0	0	0	0
"uc010amt.3"	0	0	0	0	0	0	0	0
"uc010amw.2"	0	0	0	0	0	0	0	0
"uc010amx.3"	0	0	0	0	0	0	0	0
"uc010amy.2"	0	0	0	0	0	0	0	0
"uc010amz.3"	0	0	0	0	0	0	0	0
"uc010ana.3"	0	0	0	0	0	0	0	0
"uc010anb.1"	0	0	0	0	1	0	0	0
"uc010anc.3"	0	0	0	0	0	0	0	0
"uc010and.3"	0	0	0	0	0	0	0	0
"uc010ane.3"	0	0	0	0	0	0	0	0
"uc010anf.3"	0	0	0	0	0	0	0	0
"uc010ang.3"	0	0	0	2	0	3	0	0
"uc010anh.2"	0	0	0	0	0	0	0	0
"uc010ani.3"	0	0	0	0	1	0	0	0
"uc010anj.1"	0	0	0	0	0	0	0	0
"uc010ank.3"	0	1	0	1	1	1	2	1
"uc010ann.3"	0	0	0	0	0	0	0	0
"uc010ano.3"	0	0	0	0	0	0	0	0
"uc010anq.1"	0	0	1	0	0	0	1	0
"uc010ans.3"	0	0	0	0	0	0	0	0
"uc010ant.2"	2	4	5	1	6	4	11	3
"uc010anu.2"	6	5	12	5	4	10	11	6
"uc010anv.1"	0	0	0	0	0	0	0	0
"uc010any.3"	0	0	0	0	0	0	0	0
"uc010anz.1"	0	0	0	0	0	0	0	0
"uc010aoa.3"	0	0	0	0	0	0	0	0
"uc010aoc.2"	0	0	0	0	0	0	0	0
"uc010aod.3"	320	366	349	319	362	499	548	410
"uc010aoe.3"	0	0	0	1	0	0	0	0
"uc010aoh.3"	0	0	0	0	0	0	0	0
"uc010aoi.1"	0	0	0	0	0	0	0	0
"uc010aoj.2"	0	0	0	0	0	0	0	0
"uc010aol.1"	0	0	0	0	0	0	0	0
"uc010aom.2"	0	0	0	0	0	0	0	0
"uc010aoo.3"	0	0	1	0	0	0	0	1
"uc010aoq.3"	0	0	0	0	0	0	0	0
"uc010aos.3"	0	0	0	0	0	0	0	0
"uc010aot.1"	0	0	0	0	0	0	0	0
"uc010aou.4"	0	0	0	0	0	0	0	0
"uc010aow.3"	0	0	0	0	0	0	0	0
"uc010aox.1"	0	0	0	0	0	0	0	0
"uc010aoy.3"	0	0	0	0	0	0	0	0
"uc010aoz.1"	0	0	0	0	0	0	0	0
"uc010apa.1"	0	0	0	0	0	0	0	0
"uc010apc.3"	0	0	0	0	0	0	0	0
"uc010apd.2"	0	2	0	2	0	1	1	1
"uc010ape.2"	1	0	0	0	0	0	0	1
"uc010apf.1"	0	0	0	0	1	0	0	1
"uc010apg.1"	0	0	0	0	0	0	0	0
"uc010aph.3"	0	0	0	0	0	0	0	0
"uc010api.3"	0	0	0	0	0	0	0	0
"uc010apj.3"	0	0	0	0	0	0	0	0
"uc010apl.2"	0	0	0	0	0	0	0	0
"uc010apm.3"	1	0	1	2	3	1	0	0
"uc010apn.3"	0	0	0	0	0	0	0	0
"uc010apo.3"	0	0	0	0	0	0	0	0
"uc010app.1"	9	3	4	8	5	11	7	5
"uc010apq.2"	0	0	0	0	0	0	0	0
"uc010apt.2"	0	0	0	0	0	0	0	0
"uc010apw.1"	0	0	0	0	0	0	0	0
"uc010apx.1"	0	1	0	0	0	1	1	0
"uc010apy.3"	0	0	0	0	0	0	0	0
"uc010apz.1"	0	0	0	0	0	0	0	0
"uc010aqa.3"	0	0	0	0	0	0	0	0
"uc010aqb.1"	0	0	0	0	0	0	0	0
"uc010aqc.1"	0	0	0	0	0	0	0	0
"uc010aqd.1"	0	0	0	0	0	0	0	0
"uc010aqe.2"	1	3	2	2	2	2	5	2
"uc010aqf.3"	0	0	0	0	0	0	0	0
"uc010aqg.3"	0	0	0	0	0	0	0	0
"uc010aqh.1"	1	1	4	2	1	2	5	1
"uc010aqi.3"	0	0	0	0	0	0	0	1
"uc010aqn.2"	0	0	0	0	0	0	0	0
"uc010aqp.3"	3	1	1	0	0	0	1	2
"uc010aqq.3"	0	0	0	0	0	0	0	0
"uc010aqr.3"	0	0	0	0	0	0	0	0
"uc010aqt.3"	0	0	0	0	0	0	0	0
"uc010aqu.2"	0	0	0	0	0	0	0	0
"uc010aqx.3"	0	0	0	0	0	0	0	0
"uc010aqy.4"	1	0	2	2	2	2	0	2
"uc010aqz.3"	0	0	0	0	0	0	0	0
"uc010ara.3"	0	0	0	0	0	0	0	0
"uc010are.1"	0	0	0	0	0	0	0	0
"uc010arf.1"	0	0	0	0	0	0	0	0
"uc010arg.3"	0	0	0	0	0	0	0	0
"uc010arh.1"	0	0	0	0	0	0	0	0
"uc010ari.1"	0	0	0	0	0	0	0	0
"uc010arj.3"	0	0	0	0	0	0	0	0
"uc010ark.3"	7	4	6	5	2	3	4	7
"uc010arl.3"	0	0	0	0	0	0	0	0
"uc010arm.3"	0	0	0	0	0	0	0	0
"uc010arn.3"	0	0	0	0	0	0	0	0
"uc010aro.1"	0	0	0	0	0	0	0	0
"uc010arp.1"	0	0	0	0	0	0	0	0
"uc010arq.1"	0	0	0	0	0	0	0	0
"uc010arr.1"	0	0	0	0	0	0	0	0
"uc010ars.1"	0	0	0	0	0	0	0	0
"uc010aru.3"	1	0	0	0	0	1	2	0
"uc010arv.3"	0	0	0	0	0	0	0	0
"uc010arw.2"	0	0	0	0	0	0	1	0
"uc010ary.2"	0	0	0	0	0	0	0	0
"uc010arz.2"	0	0	1	0	1	0	0	0
"uc010asa.3"	0	0	0	0	0	1	0	0
"uc010asb.2"	0	0	0	1	0	0	0	0
"uc010asd.2"	0	0	0	0	0	0	0	0
"uc010ase.2"	0	0	0	0	0	0	0	0
"uc010asf.2"	0	0	0	0	0	0	0	0
"uc010asg.1"	1	0	0	0	0	2	1	0
"uc010ash.1"	0	0	0	0	0	0	0	0
"uc010asi.3"	0	3	1	0	1	1	0	1
"uc010asj.3"	0	0	0	0	0	0	0	0
"uc010ask.2"	0	0	0	0	0	0	0	0
"uc010asl.1"	0	0	0	0	0	0	0	0
"uc010asm.1"	0	0	0	0	0	0	0	0
"uc010asn.1"	0	0	0	0	0	0	0	0
"uc010aso.1"	0	0	0	0	0	0	0	0
"uc010asp.3"	0	0	0	0	0	0	0	0
"uc010asq.1"	0	0	0	0	0	0	0	0
"uc010asr.2"	0	0	0	0	0	0	0	0
"uc010ass.3"	0	0	0	0	0	0	0	0
"uc010asv.1"	0	0	0	0	0	0	0	0
"uc010asw.4"	0	0	0	0	0	0	0	0
"uc010asx.3"	0	0	0	0	0	0	0	0
"uc010asy.3"	0	0	0	1	0	0	0	0
"uc010asz.3"	0	0	0	0	0	0	0	1
"uc010ata.1"	0	0	0	0	0	0	0	0
"uc010atc.1"	0	0	0	1	0	0	0	1
"uc010atd.3"	0	0	0	0	0	0	0	0
"uc010atf.1"	0	0	0	0	1	1	0	0
"uc010atg.1"	0	1	0	0	0	0	0	0
"uc010ath.3"	0	0	0	0	0	0	0	0
"uc010ati.3"	0	0	0	0	0	0	0	0
"uc010atj.3"	0	0	0	0	0	0	0	0
"uc010atk.3"	0	0	0	0	0	0	0	0
"uc010atm.3"	0	0	1	0	0	0	2	0
"uc010atn.3"	0	0	0	0	0	0	0	0
"uc010atp.1"	0	0	0	0	0	0	0	0
"uc010atq.2"	5	3	2	3	4	7	0	1
"uc010ats.3"	0	0	0	0	0	0	0	1
"uc010att.1"	0	0	0	0	0	0	0	0
"uc010atu.3"	1	1	0	0	0	0	0	2
"uc010atv.2"	0	0	0	0	0	0	0	0
"uc010atw.3"	0	0	0	0	0	0	0	0
"uc010aty.3"	187	179	212	165	278	223	402	414
"uc010atz.3"	0	0	0	0	0	0	0	0
"uc010aua.3"	0	0	0	0	0	0	0	0
"uc010aub.1"	0	0	0	0	0	0	0	0
"uc010auc.3"	0	0	0	0	0	0	0	0
"uc010aud.3"	0	0	0	0	0	1	0	0
"uc010aue.3"	0	0	0	0	0	0	0	0
"uc010auf.2"	0	0	0	0	0	0	0	0
"uc010aug.3"	0	0	0	0	0	0	0	0
"uc010auj.3"	0	0	0	0	0	0	0	0
"uc010auk.3"	0	0	0	0	0	0	0	0
"uc010auo.3"	5	2	3	1	1	1	2	0
"uc010auq.3"	0	0	0	0	0	0	0	0
"uc010aur.3"	0	0	0	0	0	0	0	0
"uc010aus.2"	0	0	0	0	0	0	0	0
"uc010auv.3"	0	0	0	0	0	0	0	0
"uc010auw.3"	0	0	0	0	0	0	0	0
"uc010aux.3"	0	0	0	0	0	0	0	0
"uc010auy.3"	0	0	0	0	0	0	0	0
"uc010auz.3"	0	0	0	0	0	0	0	0
"uc010ava.3"	0	0	0	0	0	0	0	0
"uc010avb.3"	0	0	0	0	0	0	0	0
"uc010avc.3"	0	0	0	0	0	0	0	0
"uc010avd.3"	0	0	0	0	0	0	0	0
"uc010ave.3"	0	0	0	0	0	0	0	0
"uc010avf.1"	0	0	0	0	0	0	0	0
"uc010avg.3"	0	0	0	0	0	0	0	0
"uc010avh.1"	0	0	0	0	0	0	0	0
"uc010avi.3"	0	0	0	0	0	0	0	0
"uc010avj.3"	0	0	0	0	0	0	0	0
"uc010avl.2"	6	1	5	4	1	3	6	1
"uc010avm.1"	0	0	0	0	0	0	0	0
"uc010avp.3"	0	0	0	0	0	0	0	0
"uc010avq.2"	0	0	0	0	0	0	0	0
"uc010avr.3"	1198	1174	1325	1103	1087	970	1761	1953
"uc010avs.3"	0	0	0	0	0	0	0	0
"uc010avt.1"	0	0	0	0	0	0	0	0
"uc010avv.3"	4	6	4	9	5	2	4	5
"uc010avw.3"	27	34	32	34	24	19	48	26
"uc010avx.3"	0	0	0	0	0	0	0	0
"uc010avy.3"	0	0	0	0	0	0	0	0
"uc010avz.2"	0	0	0	0	0	0	0	0
"uc010awa.1"	0	0	0	0	0	0	0	0
"uc010awb.1"	0	0	0	0	0	0	0	0
"uc010awc.1"	0	0	0	0	0	0	0	0
"uc010awd.3"	0	0	0	0	0	0	0	0
"uc010awe.3"	0	0	0	0	0	0	0	0
"uc010awg.3"	0	0	0	0	0	0	0	0
"uc010awh.1"	0	0	0	0	0	0	0	0
"uc010awi.1"	0	0	0	0	0	0	0	0
"uc010awj.3"	1	0	1	0	0	0	0	0
"uc010awk.2"	0	0	0	0	0	0	0	0
"uc010awl.3"	1	1	0	3	0	0	2	1
"uc010awo.1"	0	0	0	0	0	0	0	0
"uc010awp.3"	0	0	0	0	0	0	0	0
"uc010awq.3"	4	2	4	2	3	4	3	4
"uc010aws.3"	0	0	0	0	0	0	0	0
"uc010awu.1"	0	0	0	0	0	0	0	0
"uc010awv.1"	0	0	0	0	0	0	0	0
"uc010aww.2"	3	0	0	2	10	18	10	3
"uc010awy.1"	0	0	0	0	0	0	0	0
"uc010awz.1"	13	22	21	19	24	20	13	12
"uc010axa.3"	11	11	8	12	4	6	12	3
"uc010axb.4"	3	3	2	0	4	2	6	2
"uc010axc.1"	0	1	2	1	2	0	0	0
"uc010axe.1"	0	0	0	0	0	0	0	0
"uc010axg.1"	0	0	0	0	0	0	0	0
"uc010axh.1"	0	0	0	0	0	0	0	0
"uc010axi.1"	4	5	10	3	1	2	8	8
"uc010axj.1"	0	0	0	0	0	0	0	0
"uc010axp.1"	0	0	0	0	0	0	0	0
"uc010tkp.2"	0	0	0	0	0	0	0	0
"uc010tkq.2"	0	0	0	0	0	0	0	0
"uc010tkr.2"	0	0	0	0	0	0	0	0
"uc010tks.2"	0	0	0	0	0	0	0	0
"uc010tkt.2"	0	0	0	0	0	0	0	0
"uc010tku.2"	0	0	0	0	0	0	0	0
"uc010tkv.2"	0	0	0	0	0	0	0	0
"uc010tkw.2"	0	0	0	0	0	0	0	0
"uc010tkx.2"	0	0	0	0	0	0	0	0
"uc010tky.2"	0	0	0	0	0	0	0	0
"uc010tkz.2"	0	0	0	0	0	0	0	0
"uc010tla.2"	0	0	0	0	0	0	0	0
"uc010tlb.2"	0	0	0	0	0	0	0	0
"uc010tlc.2"	0	0	0	0	0	0	0	0
"uc010tld.2"	0	0	0	0	0	0	0	0
"uc010tle.2"	0	2	0	0	0	0	0	0
"uc010tlf.1"	0	0	0	0	0	0	0	0
"uc010tlg.1"	0	0	0	0	0	0	0	0
"uc010tlh.1"	0	0	0	0	0	0	0	0
"uc010tli.2"	0	0	0	0	0	0	0	0
"uc010tlj.2"	0	0	0	0	0	0	0	0
"uc010tlk.2"	0	2	2	2	5	4	3	4
"uc010tll.2"	0	0	0	0	0	0	0	0
"uc010tlm.2"	0	0	0	0	0	0	0	0
"uc010tln.2"	0	0	0	0	0	0	0	0
"uc010tlo.2"	26	46	46	29	21	25	40	32
"uc010tlp.2"	0	0	0	0	0	0	0	0
"uc010tlq.2"	0	0	0	0	0	0	0	0
"uc010tlr.2"	0	0	0	0	0	0	0	0
"uc010tls.2"	0	0	0	0	0	0	0	0
"uc010tlt.2"	0	0	0	0	0	0	0	0
"uc010tlu.2"	0	0	0	0	0	0	0	0
"uc010tlv.2"	0	0	0	0	0	0	0	0
"uc010tlw.1"	0	0	0	0	0	0	0	0
"uc010tlx.2"	1	3	4	1	2	2	1	0
"uc010tly.2"	0	0	0	0	0	0	0	0
"uc010tlz.1"	0	0	0	0	0	0	0	0
"uc010tma.1"	0	0	0	0	0	0	0	0
"uc010tmb.2"	0	0	0	0	0	0	0	0
"uc010tmc.2"	0	0	0	0	0	0	0	0
"uc010tmd.2"	0	0	0	0	0	0	0	0
"uc010tmm.2"	0	0	0	0	0	0	0	0
"uc010tmo.2"	0	0	0	0	0	0	0	0
"uc010tmp.1"	0	0	0	0	0	0	0	0
"uc010tmq.2"	0	0	0	0	0	0	0	0
"uc010tmr.2"	0	0	0	0	0	0	0	0
"uc010tms.2"	0	0	0	0	0	0	0	0
"uc010tmt.1"	0	0	0	0	0	0	0	0
"uc010tmv.2"	0	0	0	0	0	0	0	0
"uc010tmw.2"	0	0	0	0	0	0	0	0
"uc010tmx.2"	0	0	0	0	0	0	0	0
"uc010tmy.2"	0	0	0	0	0	0	0	0
"uc010tmz.1"	0	0	0	1	0	0	0	0
"uc010tna.1"	0	2	2	2	0	0	2	0
"uc010tnb.2"	0	0	0	0	0	0	0	0
"uc010tnc.2"	15	19	23	19	8	10	11	9
"uc010tnd.1"	1	0	0	0	0	1	2	1
"uc010tne.2"	0	0	0	0	0	0	0	0
"uc010tnf.1"	0	0	0	0	0	0	0	0
"uc010tng.1"	0	0	0	0	0	0	0	0
"uc010tnh.1"	0	0	0	0	0	0	0	0
"uc010tni.2"	0	0	0	0	0	0	0	0
"uc010tnj.2"	0	0	0	0	0	0	0	0
"uc010tnk.3"	0	0	0	0	0	0	0	0
"uc010tnl.3"	0	0	0	0	0	0	0	0
"uc010tnm.3"	0	0	0	0	0	0	0	0
"uc010tnn.2"	0	0	0	0	0	0	0	0
"uc010tno.2"	59	57	58	45	16	9	9	14
"uc010tnp.1"	2	0	0	1	1	0	0	0
"uc010tnq.1"	0	0	0	0	0	0	0	0
"uc010tnr.1"	0	0	0	0	0	0	0	0
"uc010tnt.2"	2	4	0	1	1	1	2	0
"uc010tnu.3"	1	0	0	0	0	0	1	0
"uc010tnv.2"	0	0	0	0	0	0	0	0
"uc010tnw.2"	0	0	0	0	0	0	0	0
"uc010tnx.2"	0	0	0	0	0	0	0	0
"uc010tny.2"	0	0	0	0	0	0	0	0
"uc010tnz.1"	0	0	0	0	0	0	0	0
"uc010toa.1"	0	0	0	0	0	0	0	0
"uc010tob.1"	0	0	0	0	0	0	0	0
"uc010toc.2"	0	0	0	0	0	0	0	0
"uc010toe.1"	0	0	0	0	0	0	0	0
"uc010tof.2"	0	0	0	0	0	0	0	0
"uc010tog.2"	0	0	0	0	0	0	0	0
"uc010toh.2"	0	0	0	0	0	0	0	0
"uc010toi.2"	0	0	0	0	0	0	0	0
"uc010toj.1"	0	0	0	0	0	0	0	0
"uc010tok.2"	0	0	0	0	0	0	0	0
"uc010tol.2"	0	0	0	0	0	0	0	0
"uc010tom.2"	0	0	0	0	0	0	0	0
"uc010ton.2"	0	0	0	0	0	0	0	0
"uc010too.2"	0	0	0	0	0	0	0	0
"uc010top.2"	0	0	0	0	0	0	0	0
"uc010toq.2"	0	0	0	0	0	0	0	0
"uc010tor.2"	0	0	0	0	0	0	0	0
"uc010tos.2"	0	0	0	0	0	0	0	0
"uc010tot.2"	0	0	0	0	0	0	0	0
"uc010tou.2"	0	0	0	0	0	0	0	0
"uc010tov.2"	0	0	0	0	0	0	0	0
"uc010tow.2"	0	0	0	0	0	0	0	0
"uc010tox.2"	0	0	0	0	0	0	0	0
"uc010toy.2"	0	0	0	0	0	0	0	0
"uc010toz.2"	0	0	0	0	0	0	0	0
"uc010tpa.2"	0	0	0	0	0	0	0	0
"uc010tpb.2"	0	0	0	0	0	0	0	0
"uc010tpc.2"	0	0	0	0	0	0	0	0
"uc010tpd.3"	0	0	0	0	0	0	0	0
"uc010tpe.1"	0	0	0	0	0	0	0	0
"uc010tpf.1"	0	0	0	0	0	0	0	0
"uc010tpg.2"	0	0	0	0	0	0	0	0
"uc010tph.2"	0	0	0	0	0	0	0	0
"uc010tpi.2"	0	0	0	0	0	0	0	0
"uc010tpj.1"	0	0	0	0	0	0	0	0
"uc010tpk.1"	0	1	0	0	0	0	0	0
"uc010tpl.2"	0	0	0	0	0	0	0	0
"uc010tpm.1"	0	0	0	0	0	0	0	0
"uc010tpn.1"	1	1	0	0	0	0	0	0
"uc010tpo.2"	10	18	15	11	14	22	21	18
"uc010tpp.2"	0	0	0	0	0	0	0	0
"uc010tpq.2"	0	0	0	0	0	0	0	0
"uc010tpr.2"	0	0	0	0	0	0	0	0
"uc010tps.2"	0	0	0	0	0	0	0	0
"uc010tpt.2"	0	0	0	0	0	0	0	0
"uc010tpu.2"	0	0	1	0	0	0	0	1
"uc010tpv.2"	2	2	2	1	1	0	3	3
"uc010tpw.1"	0	0	0	0	0	0	0	0
"uc010tpx.1"	0	0	0	0	0	0	0	0
"uc010tpy.1"	0	0	0	0	0	0	0	0
"uc010tpz.3"	0	1	1	1	3	3	3	0
"uc010tqa.1"	0	0	1	0	1	4	1	1
"uc010tqb.1"	0	0	0	0	0	0	0	0
"uc010tqc.1"	0	0	0	0	0	0	0	0
"uc010tqd.1"	0	0	0	0	0	0	0	0
"uc010tqe.1"	0	0	0	0	0	0	0	0
"uc010tqf.2"	124	173	172	162	169	244	100	50
"uc010tqg.2"	0	0	0	0	0	0	0	0
"uc010tqh.2"	0	0	0	0	0	0	0	0
"uc010tqi.2"	0	0	0	0	0	0	0	0
"uc010tqj.3"	4	2	5	4	1	2	1	4
"uc010tqk.2"	2	0	0	0	0	1	0	0
"uc010tql.2"	0	0	0	0	0	0	0	0
"uc010tqm.1"	0	0	0	0	0	0	0	0
"uc010tqn.2"	0	0	0	0	0	0	0	0
"uc010tqo.1"	0	0	0	0	0	0	0	0
"uc010tqq.2"	0	0	0	0	0	0	0	0
"uc010tqr.1"	2	2	6	1	0	5	0	1
"uc010tqs.2"	0	0	0	0	0	0	0	0
"uc010tqt.1"	0	1	0	1	0	0	1	0
"uc010tqu.2"	0	0	0	0	0	0	0	0
"uc010tqv.2"	0	0	1	1	5	3	3	1
"uc010tqw.2"	1	0	1	1	0	0	1	2
"uc010tqx.2"	0	1	3	5	3	0	2	5
"uc010tqy.2"	0	0	0	0	0	0	0	0
"uc010tra.1"	0	0	0	0	0	0	0	0
"uc010trb.2"	0	0	0	0	0	0	0	0
"uc010trc.2"	0	0	0	0	0	0	0	0
"uc010trd.2"	0	0	0	0	0	0	0	0
"uc010tre.2"	0	0	0	0	0	0	0	0
"uc010trf.3"	0	0	0	0	0	0	0	0
"uc010trg.2"	0	0	0	0	0	0	0	0
"uc010trh.2"	0	0	0	0	0	0	0	0
"uc010tri.2"	0	0	0	0	0	0	0	0
"uc010trj.2"	0	0	0	0	0	0	0	0
"uc010trk.2"	0	0	0	0	0	0	0	0
"uc010trl.1"	0	0	0	0	0	0	0	0
"uc010trm.1"	0	0	0	0	0	0	0	0
"uc010trn.1"	0	0	0	0	0	0	0	0
"uc010tro.2"	0	0	0	0	0	0	0	0
"uc010trp.2"	1	0	0	0	0	0	0	0
"uc010trq.1"	0	0	0	0	0	0	0	0
"uc010trr.2"	0	0	0	0	0	0	0	0
"uc010trs.2"	0	0	0	0	0	0	0	0
"uc010trt.2"	0	1	1	0	0	0	0	0
"uc010tru.1"	0	0	0	0	0	0	0	0
"uc010trv.2"	0	0	0	0	0	0	0	0
"uc010trw.2"	0	0	0	0	0	0	0	0
"uc010trx.1"	11	10	6	8	9	6	6	12
"uc010try.2"	0	0	0	0	0	0	0	0
"uc010trz.2"	0	0	0	0	0	0	0	0
"uc010tsa.2"	0	0	0	0	0	0	0	0
"uc010tsb.2"	0	0	0	1	0	0	1	0
"uc010tsc.1"	0	0	0	0	0	0	0	0
"uc010tsd.1"	0	0	0	0	0	0	0	0
"uc010tse.1"	0	0	0	0	0	0	0	0
"uc010tsf.1"	0	0	0	0	0	0	0	0
"uc010tsg.1"	0	0	0	0	0	0	0	0
"uc010tsh.1"	0	0	0	0	0	0	0	0
"uc010tsi.2"	0	0	0	0	0	0	0	0
"uc010tsj.2"	0	0	0	0	0	0	0	0
"uc010tsk.2"	0	0	0	0	0	0	0	0
"uc010tsl.2"	0	0	0	0	0	0	0	0
"uc010tsm.2"	0	0	0	0	0	0	0	0
"uc010tso.2"	0	0	0	0	0	0	0	0
"uc010tsp.2"	0	0	0	0	0	0	0	0
"uc010tsq.1"	0	0	0	0	0	0	0	0
"uc010tsr.3"	0	0	0	0	1	0	0	1
"uc010tss.2"	0	0	0	0	0	0	0	0
"uc010tst.2"	0	0	0	0	0	0	0	0
"uc010tsu.2"	0	0	0	0	0	0	0	0
"uc010tsv.2"	0	0	0	0	0	0	0	0
"uc010tsw.1"	0	0	0	0	0	0	2	0
"uc010tsx.1"	0	0	0	0	0	0	0	0
"uc010tsy.1"	5	4	2	2	1	3	2	0
"uc010tsz.1"	0	0	0	0	0	0	0	0
"uc010tta.2"	1	0	0	3	0	1	0	0
"uc010ttb.2"	1	0	1	0	0	0	1	0
"uc010ttc.2"	14	13	21	11	20	17	13	13
"uc010ttd.1"	0	0	0	0	0	0	0	0
"uc010tte.2"	0	0	0	0	0	0	0	0
"uc010ttf.1"	3	2	0	1	1	0	1	2
"uc010ttg.2"	3	6	5	7	10	14	4	2
"uc010tth.2"	0	0	0	0	0	0	0	0
"uc010tti.2"	0	0	0	0	0	0	0	0
"uc010ttj.2"	0	0	0	0	0	0	0	0
"uc010ttk.2"	0	0	0	0	0	0	0	0
"uc010ttl.2"	0	0	1	0	0	0	0	0
"uc010ttm.2"	0	0	0	0	0	0	0	0
"uc010ttn.2"	0	0	0	0	0	0	0	0
"uc010tto.2"	0	0	0	0	0	0	0	0
"uc010ttp.1"	0	0	0	0	0	0	0	0
"uc010ttq.1"	0	0	0	0	0	0	0	0
"uc010ttr.2"	0	0	0	0	0	0	0	0
"uc010tts.2"	0	0	0	0	0	0	0	0
"uc010ttt.2"	0	0	0	0	0	0	0	0
"uc010ttu.2"	0	0	0	0	0	0	0	0
"uc010ttv.2"	0	0	0	0	0	0	0	0
"uc010ttw.2"	0	0	0	0	0	0	0	0
"uc010ttx.2"	0	0	0	0	0	0	0	0
"uc010tty.2"	0	0	0	0	0	0	0	0
"uc010ttz.1"	0	0	0	0	0	0	0	0
"uc010tub.1"	0	0	0	0	0	0	0	2
"uc010tuc.3"	0	0	0	0	0	0	0	0
"uc010tud.1"	0	0	0	0	0	0	0	0
"uc010tue.2"	0	0	0	0	0	0	0	0
"uc010tuf.2"	0	0	0	0	0	0	0	0
"uc010tug.2"	0	0	0	0	0	0	0	0
"uc010tuh.2"	0	0	0	0	0	0	0	0
"uc010tui.2"	0	0	0	0	0	0	0	0
"uc010tuj.2"	0	0	0	0	0	0	0	0
"uc010tuk.2"	0	0	0	0	0	0	0	0
"uc010tul.2"	0	0	0	0	0	0	0	0
"uc010tum.2"	0	0	0	0	0	0	0	0
"uc010tun.2"	0	0	0	0	0	0	0	0
"uc010tuo.2"	12	9	13	13	19	22	25	20
"uc010tup.2"	1	1	3	4	2	3	3	2
"uc010tuq.2"	0	0	0	0	0	0	0	0
"uc010tur.2"	0	1	1	0	1	0	0	1
"uc010tus.2"	0	0	0	0	0	0	0	0
"uc010tut.1"	0	0	0	0	0	0	0	0
"uc010tuu.2"	18	11	11	13	15	15	14	8
"uc010tuw.1"	0	0	0	0	0	0	0	0
"uc010tux.2"	0	0	2	3	10	13	15	14
"uc010tuy.1"	0	1	0	0	0	0	0	0
"uc010tuz.1"	0	0	0	0	0	0	0	0
"uc010tva.2"	0	0	0	0	0	0	0	0
"uc010tvb.2"	0	0	0	0	0	0	0	0
"uc010tvc.2"	0	0	0	1	4	0	0	0
"uc010tvd.1"	0	0	0	0	0	0	0	0
"uc010tve.3"	0	0	0	0	0	0	0	0
"uc010tvg.1"	0	0	0	0	0	0	0	0
"uc010tvh.1"	0	0	0	0	0	0	0	0
"uc010tvi.2"	0	0	0	0	0	0	0	0
"uc010tvj.2"	0	0	0	0	0	0	0	0
"uc010tvk.1"	3	0	1	0	6	11	1	0
"uc010tvm.2"	0	0	0	0	0	0	0	0
"uc010tvn.1"	0	0	0	0	0	0	0	0
"uc010tvo.1"	0	0	0	0	0	0	0	0
"uc010tvs.2"	0	0	0	0	0	0	0	0
"uc010tvt.3"	0	0	0	0	0	0	0	0
"uc010tvu.3"	0	0	0	0	0	0	0	0
"uc010tvv.2"	1226	1462	1327	1349	1591	2064	1397	1266
"uc010tvw.1"	0	0	0	0	0	0	0	0
"uc010tvx.2"	0	0	0	0	0	0	0	0
"uc010tvy.2"	0	0	0	0	0	0	0	0
"uc010tvz.1"	0	0	0	0	0	0	0	0
"uc010twa.1"	0	0	0	0	0	0	0	0
"uc010twb.2"	0	0	0	0	0	0	0	0
"uc010twc.2"	0	0	1	0	0	1	0	0
"uc010twd.2"	0	0	0	0	0	0	0	0
"uc010twe.2"	0	0	0	0	0	0	0	0
"uc010twf.2"	0	0	0	0	0	0	0	0
"uc010twg.2"	0	0	0	0	0	0	0	0
"uc010twi.1"	0	0	0	0	0	0	0	0
"uc010twj.1"	0	0	0	0	0	0	0	0
"uc010twk.1"	0	0	0	0	0	0	0	1
"uc010twl.2"	0	0	0	0	0	0	0	0
"uc010twm.2"	0	0	0	0	0	0	0	0
"uc010twn.2"	0	0	0	0	0	0	0	0
"uc010two.2"	0	0	0	0	0	0	0	0
"uc010twp.2"	0	0	0	0	0	0	0	0
"uc010twq.2"	0	0	0	0	0	0	0	0
"uc010twr.2"	0	0	0	0	0	0	0	0
"uc010twt.1"	4	2	6	3	1	1	3	7
"uc010twu.1"	0	0	0	0	0	0	0	0
"uc010twv.2"	0	0	0	0	0	0	0	0
"uc010tww.2"	0	0	0	0	0	0	0	0
"uc010twx.2"	0	0	0	0	0	0	0	0
"uc010twy.1"	0	0	0	0	1	0	0	0
"uc010twz.1"	1	5	1	2	4	4	3	0
"uc010txa.2"	0	0	1	0	1	0	0	0
"uc010txb.2"	0	0	0	0	0	0	0	0
"uc010txc.2"	0	0	0	0	0	0	0	0
"uc010txd.2"	0	0	0	0	0	0	0	0
"uc010txe.2"	0	0	0	0	0	0	0	0
"uc010txf.2"	0	0	0	0	0	0	0	0
"uc010txg.2"	0	0	0	0	0	0	0	0
"uc010txh.2"	0	0	0	0	0	0	0	0
"uc010txi.2"	0	0	0	0	0	0	0	0
"uc010txj.1"	0	0	0	0	0	0	0	0
"uc010txk.1"	0	0	0	0	0	0	0	0
"uc010txl.1"	0	0	0	0	0	0	0	0
"uc010txm.2"	0	0	0	0	0	0	0	0
"uc010txn.1"	0	0	0	0	0	0	0	0
"uc010txo.1"	0	0	0	0	0	0	0	0
"uc010txp.1"	0	0	0	0	0	0	0	0
"uc010txr.2"	0	0	0	0	0	0	0	0
"uc010txs.1"	10	17	10	3	16	14	14	10
"uc010txt.2"	0	0	0	0	0	0	1	0
"uc010txu.2"	0	0	0	0	0	0	0	0
"uc010txv.3"	0	0	0	0	0	0	0	0
"uc010txw.2"	0	0	0	0	0	0	0	0
"uc010txx.2"	0	0	0	0	0	0	0	0
"uc010txy.2"	0	0	0	0	0	0	0	0
"uc010txz.1"	0	0	0	0	0	0	0	0
"uc010tya.1"	0	0	0	0	0	0	0	0
"uc010tyb.2"	0	0	0	0	0	0	0	0
"uc010tyc.2"	37	38	35	35	60	63	86	78
"uc010tyd.1"	0	0	0	0	0	0	0	0
"uc010tye.1"	3	6	4	6	4	6	6	6
"uc010tyf.2"	0	0	0	0	0	0	0	0
"uc010tyg.2"	0	0	0	0	0	0	0	0
"uc010tyh.1"	0	0	0	0	0	0	0	0
"uc010tyj.1"	0	0	0	0	0	0	0	0
"uc010tyk.2"	3	4	3	4	2	0	3	7
"uc010tyl.1"	0	0	0	0	0	0	0	0
"uc010tym.1"	0	0	0	0	0	0	0	0
"uc010tyn.3"	0	0	0	0	0	0	0	0
"uc010tyo.1"	0	0	0	0	0	0	0	0
"uc010typ.1"	0	0	0	0	0	0	0	0
"uc010tyq.2"	295	351	331	315	264	253	398	483
"uc010tyr.2"	0	0	0	0	0	0	0	0
"uc010tys.2"	0	0	0	0	0	0	0	0
"uc021rmy.1"	0	0	0	0	0	0	0	0
"uc021rmz.1"	0	0	0	0	0	0	0	0
"uc021rna.1"	0	0	0	0	0	0	0	0
"uc021rnb.1"	0	0	0	0	0	0	0	0
"uc021rnc.1"	0	0	0	0	0	0	0	0
"uc021rnd.1"	0	0	0	0	0	0	0	0
"uc021rne.1"	0	0	0	0	0	0	0	0
"uc021rnf.1"	0	0	0	0	0	0	0	0
"uc021rng.1"	0	0	0	0	0	0	0	0
"uc021rnh.1"	0	0	0	0	0	0	0	0
"uc021rni.1"	0	0	0	0	0	0	0	0
"uc021rnj.1"	5	7	13	2	54	59	33	35
"uc021rnk.1"	0	0	0	0	0	0	0	0
"uc021rnl.1"	0	0	0	0	0	0	0	0
"uc021rnm.1"	0	0	0	0	0	0	0	0
"uc021rnn.1"	0	0	0	0	0	0	0	0
"uc021rno.1"	0	0	0	0	0	0	0	0
"uc021rnp.2"	3	7	6	2	1	4	4	2
"uc021rnq.1"	2	1	2	1	0	3	3	2
"uc021rnr.1"	0	0	0	0	0	0	0	0
"uc021rns.1"	0	0	0	0	0	0	0	0
"uc021rnt.1"	0	0	0	0	0	0	0	0
"uc021rnu.1"	0	0	0	0	0	0	0	0
"uc021rnv.1"	0	0	0	0	0	0	0	0
"uc021rnw.1"	0	0	0	0	0	0	0	0
"uc021rnx.1"	0	0	0	0	0	0	0	0
"uc021rny.1"	0	0	0	0	0	0	0	0
"uc021rnz.1"	0	0	0	0	0	0	0	0
"uc021roa.1"	0	0	0	0	0	0	0	0
"uc021rob.1"	0	0	0	0	0	0	0	0
"uc021roc.1"	0	0	0	0	0	0	0	0
"uc021rod.1"	0	0	0	0	0	0	0	0
"uc021roe.1"	0	0	0	0	0	0	0	0
"uc021rof.1"	0	0	0	0	0	0	0	0
"uc021rog.1"	0	0	0	0	0	0	0	0
"uc021roh.1"	0	0	0	0	0	0	0	0
"uc021roi.1"	0	0	0	0	0	0	0	0
"uc021roj.1"	0	0	1	0	0	0	0	0
"uc021rok.1"	0	0	0	0	0	0	0	0
"uc021rol.1"	0	0	0	0	0	0	0	0
"uc021rom.1"	0	0	0	0	0	0	0	0
"uc021ron.1"	0	0	0	0	0	0	0	0
"uc021roo.1"	0	0	0	0	0	0	0	0
"uc021rop.1"	0	0	0	0	0	0	0	0
"uc021roq.1"	0	0	0	0	0	0	0	0
"uc021ror.1"	0	0	0	0	0	0	0	0
"uc021ros.1"	0	0	0	0	0	0	0	0
"uc021rot.1"	0	0	0	0	0	0	0	0
"uc021rou.1"	0	0	0	0	0	0	0	0
"uc021rov.1"	1	3	1	0	0	0	0	1
"uc021row.1"	3	1	4	3	2	2	1	5
"uc021rox.1"	0	0	0	0	0	0	0	0
"uc021roy.1"	0	0	0	0	0	0	0	0
"uc021roz.1"	0	0	0	0	0	0	0	0
"uc021rpa.1"	0	0	0	0	0	0	0	0
"uc021rpb.1"	0	0	0	0	0	0	0	0
"uc021rpc.1"	0	0	0	0	0	0	0	0
"uc021rpd.1"	0	0	0	0	0	0	0	0
"uc021rpe.1"	0	0	0	0	0	0	0	0
"uc021rpf.1"	0	0	0	0	0	0	0	0
"uc021rpg.1"	0	0	0	0	0	0	0	0
"uc021rph.1"	0	0	0	0	0	0	0	0
"uc021rpi.1"	0	0	0	0	0	0	0	0
"uc021rpj.2"	0	0	0	0	0	0	0	0
"uc021rpk.1"	0	0	0	0	0	0	0	0
"uc021rpl.1"	0	0	0	0	0	0	0	0
"uc021rpm.1"	0	0	0	0	0	0	0	0
"uc021rpn.1"	0	0	0	0	0	0	0	0
"uc021rpo.1"	0	0	0	0	0	0	0	0
"uc021rpp.1"	0	0	0	0	0	0	0	0
"uc021rpq.1"	0	0	0	0	0	0	0	0
"uc021rpr.1"	0	0	0	0	0	0	0	0
"uc021rpt.1"	0	0	0	0	0	0	0	0
"uc021rpu.1"	0	0	0	0	0	0	0	0
"uc021rpv.1"	0	0	0	0	0	0	0	0
"uc021rpw.1"	0	0	0	0	0	0	0	0
"uc021rpx.1"	0	0	0	0	0	0	0	0
"uc021rpy.1"	0	0	0	0	0	0	0	0
"uc021rpz.1"	0	0	0	0	0	0	0	0
"uc021rqa.1"	0	0	0	0	0	0	0	0
"uc021rqb.1"	0	0	0	0	0	0	0	0
"uc021rqc.1"	0	0	0	0	0	0	0	0
"uc021rqd.1"	0	0	0	0	0	0	0	0
"uc021rqe.1"	0	0	0	0	0	0	0	0
"uc021rqf.1"	0	0	0	0	0	0	0	0
"uc021rqg.1"	0	0	0	0	0	0	0	0
"uc021rqh.1"	0	0	0	0	0	0	0	0
"uc021rqi.1"	0	0	0	0	0	0	0	0
"uc021rqj.1"	0	0	0	0	0	0	0	0
"uc021rqk.1"	0	0	0	0	0	0	0	0
"uc021rql.1"	0	0	0	0	0	0	0	0
"uc021rqm.1"	0	0	0	0	0	0	0	0
"uc021rqn.1"	0	0	0	0	0	0	0	0
"uc021rqo.1"	0	0	0	0	0	0	0	0
"uc021rqp.1"	0	0	0	0	0	0	0	0
"uc021rqq.1"	0	0	0	0	0	0	0	0
"uc021rqr.1"	0	0	0	0	0	0	0	0
"uc021rqs.1"	0	0	0	0	0	0	0	0
"uc021rqt.1"	0	0	0	0	0	0	0	0
"uc021rqu.1"	0	0	0	0	0	0	0	0
"uc021rqv.1"	0	0	0	0	0	0	0	0
"uc021rqw.1"	0	0	0	0	0	0	0	0
"uc021rqx.1"	0	0	0	0	0	0	0	0
"uc021rqy.1"	0	0	0	0	0	0	0	0
"uc021rra.1"	0	0	1	3	0	2	1	0
"uc021rrb.1"	0	0	0	0	0	0	0	0
"uc021rrc.1"	0	0	0	0	0	0	0	0
"uc021rrd.2"	0	0	0	0	0	0	0	0
"uc021rre.1"	0	0	0	0	0	0	0	0
"uc021rrf.1"	0	0	0	0	0	0	0	0
"uc021rrg.2"	0	0	0	0	0	0	0	0
"uc021rrh.2"	0	0	0	0	0	0	0	0
"uc021rri.2"	0	0	0	0	0	0	0	0
"uc021rrj.2"	0	0	0	0	0	0	0	0
"uc021rrk.1"	0	0	0	0	0	0	0	0
"uc021rrl.1"	0	0	0	0	0	0	0	0
"uc021rrm.1"	0	0	0	0	0	0	0	0
"uc021rrn.1"	0	0	0	0	0	0	0	0
"uc021rro.1"	18	23	28	17	29	16	20	13
"uc021rrp.1"	0	0	0	0	0	0	0	0
"uc021rrq.1"	0	0	0	0	0	0	0	0
"uc021rrr.1"	0	0	0	0	0	0	0	0
"uc021rrs.1"	0	0	0	0	0	0	0	0
"uc021rrt.1"	0	0	0	0	0	0	0	0
"uc021rru.1"	0	0	0	0	0	0	0	0
"uc021rrv.1"	0	0	0	0	0	0	0	0
"uc021rrw.1"	0	0	0	0	0	0	0	0
"uc021rrx.1"	0	0	0	0	0	0	0	0
"uc021rry.1"	0	0	0	0	0	0	0	0
"uc021rrz.1"	0	0	0	1	0	0	0	1
"uc021rsa.1"	0	0	0	0	0	0	0	0
"uc021rsb.1"	0	0	0	0	0	0	0	0
"uc021rsc.1"	0	0	0	0	0	0	0	0
"uc021rsd.1"	0	0	0	0	0	0	0	0
"uc021rse.1"	0	0	0	0	0	0	0	0
"uc021rsf.1"	0	0	0	0	0	0	0	0
"uc021rsg.1"	0	0	0	0	0	0	0	0
"uc021rsh.2"	1	1	3	5	0	6	3	2
"uc021rsi.1"	0	0	0	0	0	0	0	0
"uc021rsj.1"	0	0	0	0	0	0	0	0
"uc021rsk.1"	0	0	0	0	0	0	0	0
"uc021rsl.1"	0	0	0	0	0	0	0	0
"uc021rsn.1"	0	0	0	0	0	0	0	0
"uc021rso.1"	0	0	0	0	0	0	0	0
"uc021rsp.1"	774	792	862	672	985	792	483	737
"uc021rsq.1"	0	0	0	0	0	0	0	0
"uc021rsr.1"	0	0	0	0	0	0	0	0
"uc021rst.1"	580	556	665	551	640	571	380	582
"uc021rsu.1"	0	0	0	0	0	0	0	0
"uc021rsv.1"	0	0	0	0	1	0	0	0
"uc021rsw.1"	0	0	0	0	0	0	0	0
"uc021rsx.1"	0	0	0	0	0	0	0	0
"uc021rsy.2"	1	0	2	4	1	1	4	2
"uc021rsz.1"	0	0	0	0	0	0	0	0
"uc021rta.1"	0	0	0	0	0	0	0	0
"uc021rtb.1"	0	0	0	0	0	0	0	0
"uc021rtc.1"	2	2	2	2	2	2	3	0
"uc021rtd.1"	0	0	0	0	0	0	0	0
"uc021rte.1"	0	0	0	0	0	0	0	0
"uc021rtf.1"	191	274	223	273	266	405	365	234
"uc021rtg.1"	0	0	0	0	0	0	1	0
"uc021rth.1"	0	0	0	0	0	0	0	0
"uc021rti.1"	0	0	0	0	0	0	0	0
"uc021rtj.1"	0	0	0	0	0	0	0	0
"uc021rtk.1"	0	0	0	0	0	0	0	0
"uc021rtl.1"	0	0	0	0	0	0	0	0
"uc021rtm.2"	0	0	0	0	0	0	0	0
"uc021rtn.1"	0	0	0	0	0	0	0	0
"uc021rtp.1"	0	0	0	0	0	0	0	0
"uc021rtq.1"	0	0	0	0	0	0	0	0
"uc021rtr.1"	1	1	1	2	2	1	1	0
"uc021rts.1"	0	0	0	0	0	0	0	0
"uc021rtt.1"	0	0	0	0	0	0	0	0
"uc021rtu.1"	0	0	0	0	0	0	0	0
"uc021rtv.1"	0	0	0	0	0	0	0	0
"uc021rtw.1"	0	0	0	0	0	0	0	0
"uc021rtx.1"	0	0	0	0	0	0	0	0
"uc021rty.1"	0	0	0	0	0	0	0	0
"uc021rtz.1"	3	3	1	1	0	0	0	0
"uc021rua.1"	0	0	0	0	0	1	0	0
"uc021rub.1"	0	0	0	0	0	0	0	0
"uc021ruc.1"	0	0	0	0	0	0	0	0
"uc021rud.1"	0	0	0	0	0	0	0	0
"uc021rue.1"	0	0	0	0	0	0	0	0
"uc021ruf.1"	0	0	0	0	0	0	0	0
"uc021rug.1"	0	0	0	0	0	0	0	0
"uc021ruh.1"	0	0	0	0	0	0	0	0
"uc021rui.1"	0	0	0	0	0	1	1	0
"uc021ruj.2"	0	0	0	0	1	0	0	1
"uc021ruk.1"	0	0	0	0	0	0	0	0
"uc021rul.1"	0	0	0	0	0	0	0	0
"uc021rum.1"	7	8	4	7	6	4	2	3
"uc021run.1"	0	0	0	0	0	0	0	0
"uc021ruo.1"	0	0	0	0	0	0	0	0
"uc021rup.1"	0	0	0	0	0	0	0	0
"uc021ruq.2"	0	0	0	0	0	0	0	0
"uc021rur.1"	0	2	1	0	0	0	1	0
"uc021rus.1"	1	0	0	1	1	0	3	4
"uc021rut.1"	0	0	0	0	0	0	0	0
"uc021ruu.1"	0	1	0	0	0	1	0	0
"uc021ruv.1"	1	0	0	2	2	1	1	2
"uc021ruw.1"	0	0	0	0	0	0	0	0
"uc021rux.1"	0	0	0	0	0	0	0	0
"uc021ruz.1"	0	0	0	0	0	0	0	0
"uc021rva.1"	0	1	1	0	0	0	0	0
"uc021rvb.1"	0	0	0	0	0	0	0	0
"uc021rvc.1"	0	0	0	0	0	0	0	0
"uc021rvd.1"	0	1	0	0	0	0	0	0
"uc021rve.1"	0	0	0	0	0	0	0	0
"uc021rvf.1"	3	4	6	7	1	2	1	3
"uc021rvg.1"	0	0	0	0	1	0	0	0
"uc021rvh.1"	1	1	0	1	4	3	1	1
"uc021rvi.1"	0	0	0	0	0	0	0	0
"uc021rvj.1"	0	0	0	0	0	0	0	0
"uc021rvk.1"	6	2	4	4	3	0	3	3
"uc021rvl.1"	0	0	0	0	0	0	0	0
"uc021rvm.1"	0	0	0	0	0	0	0	0
"uc021rvn.1"	0	0	0	0	0	0	0	0
"uc021rvo.1"	0	0	0	0	0	0	0	0
"uc021rvp.1"	0	0	0	0	0	0	0	0
"uc021rvq.1"	0	0	0	0	0	0	0	0
"uc021rvr.1"	2	0	1	1	0	0	2	3
"uc021rvs.1"	0	0	0	0	0	0	0	0
"uc021rvt.1"	0	0	0	0	0	0	0	0
"uc021rvu.1"	17	29	22	26	23	27	19	16
"uc021rvv.1"	0	0	0	0	0	0	0	0
"uc021rvw.1"	0	0	0	0	0	0	0	0
"uc021rvx.1"	0	0	0	0	0	0	0	0
"uc021rvy.1"	0	0	0	0	0	0	0	0
"uc021rvz.1"	0	0	0	0	0	0	0	0
"uc021rwa.1"	0	0	0	0	0	0	0	0
"uc021rwb.1"	0	0	0	0	0	0	0	0
"uc021rwc.1"	0	0	0	0	0	0	0	0
"uc021rwd.1"	0	0	0	1	0	0	0	1
"uc021rwe.1"	0	0	0	0	0	0	0	0
"uc021rwf.2"	0	0	0	0	0	0	0	0
"uc021rwg.1"	0	0	0	0	0	0	0	0
"uc021rwh.1"	0	0	0	0	0	0	0	0
"uc021rwi.1"	0	0	2	0	0	0	0	0
"uc021rwj.1"	1	2	1	1	0	0	1	0
"uc021rwl.1"	0	0	0	0	0	0	0	0
"uc021rwm.1"	0	0	0	0	0	0	0	0
"uc021rwn.1"	0	0	0	0	0	0	0	0
"uc021rwq.1"	0	0	0	0	0	0	0	0
"uc021rwr.1"	0	0	0	0	0	0	0	0
"uc021rws.1"	0	0	0	0	0	0	0	0
"uc021rwt.1"	0	0	0	0	0	0	0	0
"uc021rwu.1"	0	0	0	0	0	0	0	0
"uc021rwv.1"	0	0	0	0	0	0	0	0
"uc021rww.1"	0	0	0	0	0	0	0	0
"uc021rwx.1"	0	0	0	0	0	0	0	0
"uc021rwy.1"	0	0	0	0	0	0	0	0
"uc021rwz.1"	0	0	0	0	0	0	0	0
"uc021rxa.1"	0	0	0	0	0	0	0	0
"uc021rxb.1"	2	1	2	0	2	2	0	1
"uc021rxc.1"	0	0	0	0	0	0	0	0
"uc021rxd.1"	0	0	0	0	0	0	0	0
"uc021rxe.1"	0	0	0	0	0	0	0	0
"uc021rxf.1"	0	0	0	0	0	0	0	0
"uc021rxg.1"	0	0	0	0	0	0	0	0
"uc021rxh.1"	0	0	0	0	0	0	0	0
"uc021rxi.1"	0	0	0	0	0	0	0	0
"uc021rxj.1"	0	0	0	0	0	0	0	0
"uc021rxk.1"	0	0	0	0	0	0	0	0
"uc021rxl.1"	0	0	0	0	0	0	0	0
"uc021rxm.1"	0	0	0	0	0	0	0	0
"uc021rxo.1"	0	0	0	0	0	0	0	0
"uc021rxp.1"	0	0	0	0	0	0	0	0
"uc021rxq.1"	0	0	0	0	0	0	0	0
"uc021rxr.1"	0	0	0	0	0	0	0	0
"uc021rxs.1"	0	0	0	0	0	0	0	0
"uc021rxu.1"	0	0	0	0	0	0	0	0
"uc021rxv.1"	0	0	0	0	0	0	0	0
"uc021rxw.1"	0	0	0	0	0	0	0	0
"uc021rxx.1"	0	0	0	0	0	0	0	0
"uc021rxy.1"	0	0	0	0	0	0	0	0
"uc021rxz.1"	0	0	0	0	0	0	0	0
"uc021rya.1"	0	0	0	0	0	0	0	0
"uc021ryb.1"	0	0	0	0	0	0	0	0
"uc021ryc.1"	0	0	0	0	0	0	0	0
"uc021ryd.1"	0	0	0	0	0	0	0	0
"uc021rye.1"	0	0	0	0	0	0	0	0
"uc021ryf.1"	0	0	0	0	0	0	0	0
"uc021ryg.1"	0	0	0	0	0	0	0	0
"uc021ryh.1"	0	0	0	0	0	0	0	0
"uc021ryi.1"	0	0	0	0	0	0	0	0
"uc021ryj.1"	0	0	0	0	0	0	0	0
"uc021ryk.1"	0	0	0	0	0	0	0	0
"uc021ryl.1"	0	0	0	0	0	0	0	0
"uc021rym.1"	0	0	0	0	0	0	0	0
"uc021ryn.1"	0	0	0	0	0	0	0	0
"uc021ryo.1"	0	0	0	0	0	0	0	0
"uc021ryp.1"	0	0	0	0	0	0	0	0
"uc021ryq.1"	0	0	0	0	0	0	0	0
"uc021ryr.1"	0	0	0	0	0	0	0	0
"uc021rys.1"	0	0	0	0	0	0	0	0
"uc021ryt.1"	0	0	0	0	0	0	0	0
"uc021ryu.1"	0	0	0	0	0	0	0	0
"uc021ryv.1"	0	0	0	0	0	0	0	0
"uc021ryw.1"	0	0	0	0	0	0	0	0
"uc021ryx.1"	0	0	0	0	0	0	0	0
"uc021ryy.1"	0	0	0	0	0	0	0	0
"uc021ryz.2"	0	0	0	0	0	0	0	0
"uc021rza.1"	0	0	0	0	0	0	0	0
"uc021rzb.1"	0	0	0	0	0	0	0	0
"uc021rzc.1"	0	0	0	0	0	0	0	0
"uc021rzd.1"	0	0	0	0	0	0	0	0
"uc021rze.1"	0	0	0	0	0	0	0	0
"uc021rzf.1"	0	0	0	0	0	0	0	0
"uc021rzg.1"	0	0	0	0	0	0	0	0
"uc021rzh.1"	0	0	0	0	0	0	0	0
"uc021rzi.1"	0	0	0	0	0	0	0	0
"uc021rzj.1"	0	0	0	0	0	0	0	0
"uc021rzk.1"	0	0	0	0	0	0	0	0
"uc021rzl.1"	0	0	0	0	0	0	0	0
"uc021rzm.1"	0	0	0	0	0	0	0	0
"uc021rzn.1"	0	0	0	0	0	0	0	0
"uc021rzo.1"	0	0	0	0	0	0	0	0
"uc021rzp.1"	0	0	0	0	0	0	0	0
"uc021rzq.1"	0	0	0	0	0	0	0	0
"uc021rzr.1"	0	0	0	0	0	0	0	0
"uc021rzs.1"	0	0	0	0	0	0	0	0
"uc021rzt.1"	0	0	0	0	0	0	0	0
"uc021rzu.1"	0	0	0	0	0	0	0	0
"uc021rzv.1"	0	0	0	0	0	0	0	0
"uc021rzw.1"	0	0	0	0	0	0	0	0
"uc021rzx.1"	0	0	0	0	0	0	0	0
"uc021rzy.1"	0	0	0	0	0	0	0	0
"uc021rzz.1"	0	0	0	0	0	0	0	0
"uc021saa.1"	0	0	0	0	0	0	0	0
"uc021sab.1"	0	0	0	0	0	0	0	0
"uc021sac.1"	0	0	0	0	0	0	0	0
"uc021sad.1"	0	0	0	0	0	0	0	0
"uc021sae.1"	0	0	0	0	0	0	0	0
"uc021saf.2"	0	0	0	0	0	0	0	0
"uc021sag.1"	0	0	0	0	0	0	0	0
"uc021sah.1"	0	0	0	0	0	0	0	0
"uc021sai.1"	0	0	0	0	0	0	0	0
"uc021saj.1"	0	0	0	0	0	0	0	0
"uc021sak.1"	0	0	0	0	0	0	0	0
"uc021sal.1"	0	0	0	0	0	0	0	0
"uc021sam.1"	0	0	0	0	0	0	0	0
"uc021san.1"	0	0	0	0	0	0	0	0
"uc021sao.1"	0	0	0	0	0	0	0	0
"uc021sap.1"	0	0	0	0	0	0	0	0
"uc021saq.1"	0	0	0	0	0	0	0	0
"uc021sar.1"	0	0	0	0	0	0	0	0
"uc021sas.1"	0	0	0	0	0	0	0	0
"uc021sat.1"	0	0	0	0	0	0	0	0
"uc021sau.2"	0	0	0	0	0	0	0	0
"uc021sav.1"	0	0	0	0	0	0	0	0
"uc021saw.1"	0	0	0	0	0	0	0	0
"uc021sax.1"	0	0	0	0	0	0	0	0
"uc021say.1"	0	0	0	0	0	0	0	0
"uc021saz.1"	0	0	0	0	0	0	0	0
"uc021sba.1"	3	0	2	2	0	2	3	1
"uc021sbb.2"	0	0	0	0	0	0	0	0
"uc021sbc.1"	0	0	0	0	0	0	0	0
"uc021sbd.1"	0	0	0	0	0	0	0	0
"uc021sbe.1"	0	0	0	0	0	0	0	0
"uc021sbf.1"	0	0	0	0	0	0	0	0
"uc021sbg.1"	0	0	0	0	0	0	0	0
"uc021sbh.1"	0	0	0	0	0	0	0	0
"uc021sbi.1"	0	0	0	0	0	0	0	0
"uc021sbj.1"	0	0	0	0	0	0	0	0
"uc021sbl.1"	0	0	0	0	0	0	0	0
"uc021sbm.1"	0	0	0	0	0	0	0	0
"uc021sbn.1"	0	0	0	0	0	0	0	0
"uc021sbo.1"	0	0	0	0	0	0	0	0
"uc021sbp.1"	0	0	0	1	0	0	0	1
"uc021sbq.1"	0	0	0	0	0	0	0	0
"uc021sbr.1"	0	0	0	0	0	0	0	0
"uc021sbs.1"	0	0	0	0	0	0	0	0
"uc021sbt.1"	0	0	0	0	0	0	0	0
"uc021sbu.1"	0	0	0	0	0	0	0	0
"uc021sbv.1"	0	0	0	0	0	0	0	0
"uc021sbw.2"	0	0	0	0	0	0	0	0
"uc021sbx.1"	0	0	0	0	0	0	0	0
"uc021sbz.1"	0	0	0	0	0	0	0	0
"uc021sca.1"	0	0	0	0	0	0	0	0
"uc021scb.1"	0	0	0	0	0	0	0	0
"uc021scc.1"	0	0	0	0	0	0	0	0
"uc021scd.1"	0	0	0	0	0	0	0	0
"uc021sce.1"	0	0	0	0	0	0	0	0
"uc021scf.1"	0	0	0	0	0	0	0	0
"uc021scg.1"	0	0	0	0	0	0	0	0
"uc021sch.1"	0	0	0	0	0	0	0	0
"uc021sci.1"	0	0	0	0	0	0	0	0
"uc021scj.1"	0	0	0	0	0	0	0	0
"uc021sck.1"	0	0	0	0	0	0	0	0
"uc021scl.1"	0	0	0	0	0	0	0	0
"uc021scm.1"	0	0	0	0	0	0	0	0
"uc021scn.1"	0	0	0	0	0	0	0	0
"uc021sco.1"	0	0	0	0	0	0	0	0
"uc021scp.1"	0	0	0	0	0	0	0	0
"uc021scq.1"	0	0	0	0	0	0	0	0
"uc021scr.1"	0	0	0	0	0	0	0	0
"uc021scs.1"	0	0	0	0	0	0	0	0
"uc021sct.1"	0	0	0	0	0	0	0	0
"uc021scu.1"	0	0	0	0	0	0	0	0
"uc021scv.1"	0	0	0	0	0	0	0	0
"uc021scw.1"	0	0	0	0	0	0	0	0
"uc021scx.1"	0	0	0	0	0	0	0	0
"uc021scy.1"	0	0	0	0	0	0	0	0
"uc021scz.1"	0	0	0	0	0	0	0	0
"uc021sda.1"	0	0	0	0	0	0	0	0
"uc021sdb.1"	0	0	0	0	0	0	0	0
"uc021sdc.1"	0	0	0	0	0	0	0	0
"uc021sdd.1"	0	0	0	0	0	0	0	0
"uc021sde.1"	0	0	0	0	0	0	0	0
"uc021sdf.1"	0	0	0	0	0	0	0	0
"uc021sdg.1"	0	0	0	0	0	0	0	0
"uc021sdh.1"	0	0	0	0	0	0	0	0
"uc021sdi.1"	0	0	0	0	0	0	0	0
"uc021sdj.1"	0	0	0	0	0	0	0	0
"uc021sdk.1"	0	0	0	0	0	0	0	0
"uc021sdl.1"	0	0	0	0	0	0	0	0
"uc021sdm.1"	0	0	0	0	0	0	0	0
"uc021sdn.1"	0	0	0	0	0	0	0	0
"uc021sdo.1"	0	0	0	0	0	0	0	0
"uc021sdp.1"	0	0	0	0	0	0	0	0
"uc021sdq.1"	0	0	0	0	0	0	0	0
"uc021sdr.1"	0	0	0	0	0	0	0	0
"uc021sds.1"	0	0	0	0	0	0	0	0
"uc021sdt.1"	0	0	0	0	0	0	0	0
"uc021sdu.1"	0	0	0	0	0	0	0	0
"uc021sdv.1"	0	0	0	0	0	0	0	0
"uc021sdw.1"	0	0	0	0	0	0	0	0
"uc021sdx.1"	7	9	9	13	7	5	5	10
"uc021sdy.1"	5	3	3	1	0	0	0	5
"uc021sdz.1"	0	0	0	0	0	0	0	0
"uc021sea.1"	0	0	0	0	0	0	0	0
"uc021seb.1"	0	0	0	0	0	0	0	0
"uc021sec.1"	0	0	0	0	0	0	0	0
"uc021sed.1"	0	0	0	0	0	0	0	0
"uc021see.1"	0	0	0	0	0	0	0	0
"uc021sef.1"	0	0	0	0	0	0	0	0
"uc021seg.1"	0	0	0	0	0	0	0	0
"uc021seh.1"	0	0	0	0	0	0	0	0
"uc021sei.1"	0	0	0	1	0	1	0	0
"uc021sej.1"	0	0	0	0	0	0	0	0
"uc021sek.1"	0	0	0	0	0	0	0	1
"uc021sel.1"	0	0	0	0	0	0	0	0
"uc021sem.1"	0	0	0	0	0	0	0	0
"uc021sen.1"	0	0	0	0	0	0	0	0
"uc021seo.1"	0	0	0	0	0	0	0	0
"uc021sep.1"	0	0	0	0	0	0	0	0
"uc021seq.1"	0	0	0	0	0	0	0	0
"uc021ses.1"	0	0	0	0	0	0	0	0
"uc021set.1"	0	0	0	0	0	0	0	0
"uc021seu.1"	0	0	0	0	0	0	0	0
"uc031qnr.1"	0	0	0	0	0	0	0	0
"uc031qns.1"	19	18	21	15	7	5	16	7
"uc031qnt.1"	0	0	0	0	0	0	0	0
"uc031qnu.1"	0	0	0	0	0	0	0	0
"uc031qnv.1"	0	0	0	0	0	0	0	0
"uc031qnw.1"	0	0	0	0	0	0	0	0
"uc031qnx.1"	0	0	0	0	0	0	0	0
"uc031qny.1"	0	1	0	0	0	0	0	0
"uc031qnz.1"	0	0	0	0	0	0	0	0
"uc031qoa.1"	0	0	0	0	0	0	0	0
"uc031qob.1"	0	0	0	0	0	0	0	0
"uc031qoc.1"	0	0	0	0	0	0	0	0
"uc031qod.1"	8	5	8	3	13	4	5	7
"uc031qoe.1"	0	0	0	0	0	0	0	0
"uc031qof.1"	0	0	0	0	0	0	0	0
"uc031qog.1"	0	0	0	0	0	0	0	0
"uc031qoh.1"	0	0	1	0	0	0	0	0
"uc031qoi.1"	0	0	0	0	0	0	0	0
"uc031qoj.1"	0	0	0	0	0	0	0	0
"uc031qok.1"	0	0	0	0	0	0	0	0
"uc031qol.1"	0	0	0	0	0	0	0	0
"uc031qom.1"	0	0	0	0	0	0	0	0
"uc031qon.1"	0	0	0	0	0	0	0	0
"uc031qoo.1"	0	0	0	0	0	0	0	0
"uc031qop.1"	0	0	0	0	0	0	0	0
"uc031qoq.1"	1	2	1	1	1	1	6	2
"uc031qor.1"	0	0	0	0	0	0	0	0
"uc031qos.1"	0	0	0	0	0	0	0	0
"uc031qot.1"	0	0	0	0	0	0	0	0
"uc031qou.1"	0	0	0	0	0	0	0	0
"uc031qov.1"	2	6	1	6	2	0	0	1
"uc031qow.1"	0	0	0	0	0	0	0	0
"uc031qox.1"	1	6	3	1	0	1	1	1
"uc031qoy.1"	0	0	0	0	0	1	0	0
"uc031qoz.1"	1	0	0	0	0	0	0	1
"uc031qpa.1"	0	0	0	0	0	0	0	0
"uc031qpb.1"	0	0	0	0	0	0	0	0
"uc031qpc.1"	0	0	0	0	0	0	0	0
"uc031qpd.1"	0	0	0	0	0	0	0	0
"uc031qpe.1"	0	0	0	0	0	0	0	0
"uc031qpf.1"	1	0	0	0	1	0	0	0
"uc031qpg.1"	0	0	0	0	0	0	0	0
"uc031qph.1"	0	0	0	0	0	0	0	0
"uc031qpi.1"	0	0	1	1	0	1	0	0
"uc031qpj.1"	0	0	0	0	0	0	0	0
"uc031qpk.1"	0	0	0	0	0	0	0	0
"uc031qpl.1"	1	2	0	0	1	3	0	0
"uc031qpm.1"	0	0	0	0	0	0	0	0
"uc031qpn.1"	0	0	0	0	0	0	0	0
"uc031qpo.1"	0	0	0	0	0	0	0	0
"uc031qpp.1"	0	0	0	0	0	0	0	0
"uc031qpq.1"	0	0	0	0	0	0	0	0
"uc031qpr.1"	0	0	0	0	0	0	0	0
"uc031qps.1"	0	0	0	0	0	0	0	0
"uc031qpt.1"	0	0	0	0	0	0	0	0
"uc031qpu.1"	0	0	0	0	0	0	0	0
"uc031qpv.1"	0	0	0	0	0	0	0	0
"uc031qpw.1"	0	0	0	0	0	0	0	0
"uc031qpx.1"	0	0	0	0	0	0	0	0
"uc031qpy.1"	0	0	0	0	0	0	0	0
"uc031qpz.1"	0	0	0	0	0	0	0	0
"uc031qqa.1"	0	0	0	0	0	0	0	0
"uc031qqb.1"	0	0	0	1	1	0	0	0
"uc031qqc.1"	0	0	0	0	0	0	0	0
"uc031qqd.1"	0	0	0	0	0	0	0	0
"uc031qqe.1"	0	0	0	0	0	0	0	0
"uc031qqf.1"	0	0	0	0	0	0	0	0
"uc031qqg.1"	0	0	0	0	0	0	0	0
"uc031qqh.1"	0	0	0	0	0	0	0	0
"uc031qqi.1"	0	0	0	0	0	0	0	0
"uc031qqj.1"	0	0	1	0	3	4	3	1
"uc031qqk.1"	0	0	0	0	0	0	0	0
"uc031qql.1"	0	0	0	0	0	0	0	0
"uc031qqm.1"	0	0	0	0	0	0	0	0
"uc031qqn.1"	0	0	0	0	0	0	0	0
"uc031qqo.1"	0	0	0	2	0	0	0	0
"uc031qqp.1"	0	0	1	0	1	0	0	0
"uc031qqq.1"	0	1	1	1	0	0	0	0
"uc031qqr.1"	0	0	0	0	0	0	0	0
"uc031qqs.1"	0	0	0	0	0	0	0	0
"uc031qqt.1"	0	0	0	0	0	0	0	0
"uc031qqu.1"	0	0	0	0	0	0	0	0
"uc031qqv.1"	0	0	0	0	0	0	0	0
"uc031qqw.1"	4	0	1	3	1	0	2	0
"uc031qqx.1"	629	518	641	424	576	699	787	540
"uc031qqy.1"	0	0	0	0	0	0	0	0
